snapshotDate,title,description,publishedDate,publishedText,videoId,videoUrl,channelName,channelId,channelUrl,thumbnails,views,viewsText,duration,durationText,political,daily_political_share
2026-02-27,T.I. - Lessons (Official Audio),"Yeah I changed my mind too FN!!!! I don’t want u to RAP bcuz we all know it’ll be ASS anyway!!! We just want you to answer to these Johnsons you juggling in real life!!! You can write a poem, draw a picture, do a dance or somn to explain this shit cause we wanna fckn know!!!! Now Keep on posting!!! Ion make memes I make music Pu$$yyyyyyyyyy!!!!!!
#TI  #Lessons

Official Audio by T.I. - ""Lessons"" © 2026 Grand Hustle LLC / EMPIRE",2026-02-26T20:00:50Z,2026-02-26 20:00 UTC,yHnRBRKUr2Y,https://www.youtube.com/watch?v=yHnRBRKUr2Y,TIVEVO,UCq2QQO2WR5wz2IfLwt3SYfw,https://www.youtube.com/channel/UCq2QQO2WR5wz2IfLwt3SYfw,"{""default"": ""https://i.ytimg.com/vi/yHnRBRKUr2Y/default.jpg"", ""medium"": ""https://i.ytimg.com/vi/yHnRBRKUr2Y/mqdefault.jpg"", ""high"": ""https://i.ytimg.com/vi/yHnRBRKUr2Y/hqdefault.jpg"", ""standard"": ""https://i.ytimg.com/vi/yHnRBRKUr2Y/sddefault.jpg"", ""maxres"": ""https://i.ytimg.com/vi/yHnRBRKUr2Y/maxresdefault.jpg""}",217560.0,218K views,PT2M56S,2:56,0,0.02
2026-02-27,Poppy Playtime Chapter 5 - Accolades Trailer,"Face off against the deadly puppetmaster behind the horrifying events of Playtime Co.

Poppy Playtime: Chapter 5 is OUT NOW on Steam and the Epic Games Store
Steam: https://huggywug.co/4oK8fPx
Epic Games Store: https://huggywug.co/4qswKSW

Get Poppy Playtime merch: http://playtimeco.store/
_________________________________________________________
Get Poppy Playtime Chapter 1!
Steam: https://huggywug.co/3A3MDcF
Nintendo Switch: https://huggywug.co/3YiTMjw
PlayStation: https://huggywug.co/3zRrJxE
Xbox: https://huggywug.co/3y6KKeX
Epic Games Store: https://huggywug.co/3YBP0gJ
iOS: https://huggywug.co/3SksTrC
Android: https://huggywug.co/3YgaXT1

Get Poppy Playtime Chapter 2!
Steam: https://huggywug.co/3YajXZM
Nintendo Switch: https://huggywug.co/4hjDwps
PlayStation: https://huggywug.co/3MSjMeE
Xbox: https://huggywug.co/3ZEOsb8
Epic Games Store: https://huggywug.co/3Yk8oO3
iOS: https://huggywug.co/4cZ2TKY
Android: https://huggywug.co/4dx4jw7

Get Poppy Playtime Chapter 3!
Steam: https://huggywug.co/4dhWNFb
Nintendo Switch: https://huggywug.co/4hjDQEG
PlayStation: https://huggywug.co/3zmf9qd
Xbox: https://huggywug.co/3BlY5Bh
Epic Games Store: https://huggywug.co/4e0aLeL
iOS: https://huggywug.co/4h8eucl
Android: https://huggywug.co/4ghT4Z8

Get Poppy Playtime Chapter 4! 
Steam: https://huggywug.co/3Y3jW9s
Xbox: https://huggywug.co/4kCZ1mo
PlayStation: https://huggywug.co/4kEnZC4
Nintendo Switch: https://huggywug.co/3SIhAtg
Epic Games Store: https://huggywug.co/4jQM7R3
iOS: https://huggywug.co/3IuZwRw
Android: https://huggywug.co/4544OvY",2026-02-26T18:00:06Z,2026-02-26 18:00 UTC,4Jhh3P9UGK0,https://www.youtube.com/watch?v=4Jhh3P9UGK0,Mob Entertainment,UCXqV4yoyC_mmZye6VbKFPeQ,https://www.youtube.com/channel/UCXqV4yoyC_mmZye6VbKFPeQ,"{""default"": ""https://i.ytimg.com/vi/4Jhh3P9UGK0/default.jpg"", ""medium"": ""https://i.ytimg.com/vi/4Jhh3P9UGK0/mqdefault.jpg"", ""high"": ""https://i.ytimg.com/vi/4Jhh3P9UGK0/hqdefault.jpg"", ""standard"": ""https://i.ytimg.com/vi/4Jhh3P9UGK0/sddefault.jpg"", ""maxres"": ""https://i.ytimg.com/vi/4Jhh3P9UGK0/maxresdefault.jpg""}",928781.0,929K views,PT39S,0:39,0,0.02
2026-02-27,The Will Cain Show,"Featuring Cain's signature podcast style and thoughtful perspective through conversations with newsmakers across politics, culture and sports.",2026-02-27T04:25:26Z,2026-02-27 04:25 UTC,1w-D2USShDc,https://www.youtube.com/watch?v=1w-D2USShDc,FOX News,UCqWYIzQLZFW4NFXPfWBLW1w,https://www.youtube.com/channel/UCqWYIzQLZFW4NFXPfWBLW1w,"{""default"": ""https://i.ytimg.com/vi/1w-D2USShDc/default.jpg"", ""medium"": ""https://i.ytimg.com/vi/1w-D2USShDc/mqdefault.jpg"", ""high"": ""https://i.ytimg.com/vi/1w-D2USShDc/hqdefault.jpg""}",,,PT1H1M6S,1:01:06,0,0.02
2026-02-27,FEVER DREAM,"Provided to YouTube by Atlantic Records

FEVER DREAM · Alex Warren

FEVER DREAM

℗ 2026 Atlantic Recording Corporation

Vocals: Alex Warren
Producer: Adam Yaron
Drums: Aaron Sterling
Bass, Engineer, Guitar, Percussion, Piano, Programming: Adam Yaron
Mixer: Adam Yaron
Executive Producer: Adam Yaron
Drum Programmer: Adam Yaron
Background Vocals: Adam Yaron
Claps, Engineer: Cal Shapiro
Background Vocals: Cal Shapiro
Engineer: Chase Weber 
Percussion: Dan Bailey
Engineer: Dan Ballard
Engineer: Mags Duval
Claps: Mags Duval 
Background Vocals: Mags Duval 
Assistant Engineer: Maguire Fraatz
Masterer: Nathan Dantzler
Mixer: Pedro Calloni
Strings, Violin: Shawn Law Yone Gilad
Writer: Alex Warren
Writer: Adam Yaron
Writer: Mags Duval
Writer: Cal Shapiro

Auto-generated by YouTube.",2026-02-27T00:01:15Z,2026-02-27 00:01 UTC,3D2WPA9ZN30,https://www.youtube.com/watch?v=3D2WPA9ZN30,Alex Warren - Topic,UCXATF3-9RFGyY-it_d2hB6A,https://www.youtube.com/channel/UCXATF3-9RFGyY-it_d2hB6A,"{""default"": ""https://i.ytimg.com/vi/3D2WPA9ZN30/default.jpg"", ""medium"": ""https://i.ytimg.com/vi/3D2WPA9ZN30/mqdefault.jpg"", ""high"": ""https://i.ytimg.com/vi/3D2WPA9ZN30/hqdefault.jpg"", ""standard"": ""https://i.ytimg.com/vi/3D2WPA9ZN30/sddefault.jpg"", ""maxres"": ""https://i.ytimg.com/vi/3D2WPA9ZN30/maxresdefault.jpg""}",137167.0,137K views,PT2M34S,2:34,0,0.02
2026-02-27,Mortal Kombat II | Official Trailer II,"The wait is almost over! Mortal Kombat II arrives in theaters and IMAX May 8. #MortalKombatMovie #FilmedForIMAX

From New Line Cinema comes the latest high-stakes installment in the blockbuster video game franchise in all its brutal glory, Mortal Kombat II. This time, the fan favorite champions—now joined by Johnny Cage himself—are pitted against one another in the ultimate, no-holds barred, gory battle to defeat the dark rule of Shao Kahn that threatens the very existence of the Earthrealm and its defenders.

Karl Urban stars as Johnny Cage, alongside Adeline Rudolph, Jessica McNamee, Josh Lawson, Ludi Lin, Mehcad Brooks, Tati Gabrielle, Lewis Tan, Damon Herriman, with Chin Han, Tadanobu Asano as Lord Raiden, Joe Taslim as Bi-Han, and Hiroyuki Sanada as Hanzo Hasashi and Scorpion.

Director Simon McQuoid returns to helm the follow up to his explosive 2021cinematic adventure, from a screenplay by Jeremy Slater, based on the videogame created by Ed Boon and John Tobias. The film is produced by Todd Garner, E. Bennett Walsh, James Wan, Toby Emmerich and Simon McQuoid, and executive produced by Michael Clear, Judson Scott, Jeremy Slater, Ed Boon and Lawrence Kasanoff.

Joining McQuoid behind the camera are director of photography Stephen F. Windon, production designer Yohei Taneda, editor Stuart Levy and costume designer Cappi Ireland, with casting by Rich Delia and music by Benjamin Wallfisch. 

New Line Cinema Presents an Atomic Monster/Broken Road Production, a Fireside Films Production, Mortal Kombat II. The film will be distributed worldwide by Warner Bros. Pictures, only in theaters and IMAX® across North America on May 8, 2026, and internationally beginning 6 May 2026.",2026-02-25T18:01:17Z,2026-02-25 18:01 UTC,b24oG7qCwp4,https://www.youtube.com/watch?v=b24oG7qCwp4,Warner Bros.,UCjmJDM5pRKbUlVIzDYYWb6g,https://www.youtube.com/channel/UCjmJDM5pRKbUlVIzDYYWb6g,"{""default"": ""https://i.ytimg.com/vi/b24oG7qCwp4/default.jpg"", ""medium"": ""https://i.ytimg.com/vi/b24oG7qCwp4/mqdefault.jpg"", ""high"": ""https://i.ytimg.com/vi/b24oG7qCwp4/hqdefault.jpg"", ""standard"": ""https://i.ytimg.com/vi/b24oG7qCwp4/sddefault.jpg"", ""maxres"": ""https://i.ytimg.com/vi/b24oG7qCwp4/maxresdefault.jpg""}",6734042.0,6.7M views,PT2M25S,2:25,0,0.02
2026-02-27,Stardew Valley 10-year Anniversary Video (Retrospective & New Spouse Reveal),"Here's a special video for the Stardew Valley 10 year anniversary.  
I go over some old builds of the game w/ commentary, briefly go over the many updates, give a special message to the players, and reveal the 2 new marriage candidates in 1.7.  Thanks for watching.",2026-02-26T19:00:06Z,2026-02-26 19:00 UTC,geiTg6Z7w3A,https://www.youtube.com/watch?v=geiTg6Z7w3A,ConcernedApe,UClLilfnwQ_8LoGVpjo4SP3g,https://www.youtube.com/channel/UClLilfnwQ_8LoGVpjo4SP3g,"{""default"": ""https://i.ytimg.com/vi/geiTg6Z7w3A/default.jpg"", ""medium"": ""https://i.ytimg.com/vi/geiTg6Z7w3A/mqdefault.jpg"", ""high"": ""https://i.ytimg.com/vi/geiTg6Z7w3A/hqdefault.jpg"", ""standard"": ""https://i.ytimg.com/vi/geiTg6Z7w3A/sddefault.jpg"", ""maxres"": ""https://i.ytimg.com/vi/geiTg6Z7w3A/maxresdefault.jpg""}",1190001.0,1.2M views,PT22M45S,22:45,0,0.02
2026-02-27,Yeat & EsDeeKid - Made It On Our Own (Official Music Video),"STREAM: https://yeat.lnk.to/madeitonourown
JOIN LA FAMILIA: https://yeatofficial.com/

Directed by Director X

Production Company: Creative Rain
EP: Lisa Foo & Luti Fagbenle
Producer: Travis Richel
Director: Director X
DP: Jordan Oram
Production Designer: Noelle Hindi
Art Director: Brenden Nerfa
Editor: Alexis Benot @ Paume
Colorist: John Holloway @ Edit Egg

[𝓐𝓓𝓛 IS COMING]",2026-02-27T00:00:07Z,2026-02-27 00:00 UTC,k2_bhC5E0mc,https://www.youtube.com/watch?v=k2_bhC5E0mc,Yeat,UCV4UK9LNNLViFP4qZA_Wmfw,https://www.youtube.com/channel/UCV4UK9LNNLViFP4qZA_Wmfw,"{""default"": ""https://i.ytimg.com/vi/k2_bhC5E0mc/default.jpg"", ""medium"": ""https://i.ytimg.com/vi/k2_bhC5E0mc/mqdefault.jpg"", ""high"": ""https://i.ytimg.com/vi/k2_bhC5E0mc/hqdefault.jpg"", ""standard"": ""https://i.ytimg.com/vi/k2_bhC5E0mc/sddefault.jpg"", ""maxres"": ""https://i.ytimg.com/vi/k2_bhC5E0mc/maxresdefault.jpg""}",180308.0,180K views,PT2M57S,2:57,0,0.02
2026-02-27,Jury Duty Presents: Company Retreat – Official Trailer | Season 2 | Prime Video,"Anthony, a real temp, is hired at Rockin' Grandma's Hot Sauce (a fake company) for its annual retreat - the final one for the company's CEO Doug before retirement. Doug's son Dougie Jr. struggles to prove his leadership abilities while a polished private-equity team courts the company for acquisition.

» SUBSCRIBE: http://bit.ly/PrimeVideoSubscribe
 
About Prime Video:
Want to watch it now? We’ve got it. This week’s newest movies, last night’s TV shows, classic favorites, and more are available to stream instantly, plus all your videos are stored in Your Video Library. Prime Video offers a variety of unique and captivating entertainment, including original series “The Boys,” “Invincible,” “Hazbin Hotel,” “The Summer I Turned Pretty,” and more.
 
Get More Prime Video: 
Stream Now: http://bit.ly/WatchMorePrimeVideo
Instagram: http://bit.ly/primevideoIG
TikTok: https://bit.ly/PrimeVideoTikTok
Facebook: http://bit.ly/PrimeVideoFB
X: http://bit.ly/PrimeVideoTW
 
Jury Duty Presents: Company Retreat – Official Trailer | Season 2 | Prime Video
https://youtu.be/K4q_0DtugOA
 
Prime Video
https://www.youtube.com/PrimeVideo

#CompanyRetreat #OfficialTrailer #PrimeVideo",2026-02-26T14:59:55Z,2026-02-26 14:59 UTC,K4q_0DtugOA,https://www.youtube.com/watch?v=K4q_0DtugOA,Prime Video,UCQJWtTnAHhEG5w4uN0udnUQ,https://www.youtube.com/channel/UCQJWtTnAHhEG5w4uN0udnUQ,"{""default"": ""https://i.ytimg.com/vi/K4q_0DtugOA/default.jpg"", ""medium"": ""https://i.ytimg.com/vi/K4q_0DtugOA/mqdefault.jpg"", ""high"": ""https://i.ytimg.com/vi/K4q_0DtugOA/hqdefault.jpg"", ""standard"": ""https://i.ytimg.com/vi/K4q_0DtugOA/sddefault.jpg"", ""maxres"": ""https://i.ytimg.com/vi/K4q_0DtugOA/maxresdefault.jpg""}",556814.0,557K views,PT2M37S,2:37,0,0.02
2026-02-27,The Best New Golf Game is Here,"Super Battle Golf might be game of the year

GAMERSUPPS SALE 20% OFF SITEWIDE USING CODE S7... or any other creator code I guess
https://gamersupps.com/s7

Check out my other channels!
Solo Let's Play Channel: https://www.youtube.com/@SMii7Yplays
Stream Highlight Channel:  https://www.youtube.com/c/SMii7Yplus
Stream VODs:  https://www.youtube.com/c/SMii7Yminus

Follow my social medias and stream!
🔴 Stream  -  http://www.twitch.tv/smii7y
👕 Merch - https://smii7y.store/
🐦 Twitter  -  https://twitter.com/SMii7Y
📷 Instagram  -  https://www.instagram.com/smii7y/
🎬 Clips Page - https://www.instagram.com/smii7y.clips/

Friends in the video:
@imSovi 
@BlargMyShnoople 
@Yumi 
@daukey 

🎵 Music by:
http://www.epidemicsound.com/
https://www.shutterstock.com/
http://www.premiumbeat.com/
http://audiojungle.net/
https://www.soundsnap.com/
https://www.pond5.com/
https://motionarray.com/
incompetech.com 
Licensed under Creative Commons: By Attribution 3.0
http://creativecommons.org/licenses/by/3.0/
https://99sounds.org/

Edited by: https://www.youtube.com/@WiddasTy
Thumbnail Milkbag Character Artist: https://twitter.com/ArtzyYT
Intro Milkbag Character Artist: https://twitter.com/RoboEye5
Outro Music Created by:  https://www.youtube.com/@MattercellEntertainment",2026-02-26T22:28:00Z,2026-02-26 22:28 UTC,ge7j6ho_jls,https://www.youtube.com/watch?v=ge7j6ho_jls,SMii7Y,UCzXwjTI6c6mVn6oui_p6oiw,https://www.youtube.com/channel/UCzXwjTI6c6mVn6oui_p6oiw,"{""default"": ""https://i.ytimg.com/vi/ge7j6ho_jls/default.jpg"", ""medium"": ""https://i.ytimg.com/vi/ge7j6ho_jls/mqdefault.jpg"", ""high"": ""https://i.ytimg.com/vi/ge7j6ho_jls/hqdefault.jpg"", ""standard"": ""https://i.ytimg.com/vi/ge7j6ho_jls/sddefault.jpg"", ""maxres"": ""https://i.ytimg.com/vi/ge7j6ho_jls/maxresdefault.jpg""}",558539.0,559K views,PT22M37S,22:37,0,0.02
2026-02-27,"ganga - Peso Pluma, Tito Double P, El Randal (Video Oficial)","Double P Records©

• ESCUCHA / LISTEN:
https://www.doublepmusic.com/dinastiadeluxe

•LETRA
Un wiscacho y una doncella me llama
Quiere que las pase a recoger
Y que le deje en su tanga
Mi aromita de L’immensite
Es que le mama
Mi cubana
Me jala
A la cama

Pegó el chicle dando la vuelta a la manzana
Estilo fino como al capone mafioson
con la ganga
En el rolly por Chicago o New York
La people bien activada
Lavada
Rosada

Porto fino italiano
Bugatti chiron de Jacob y Co
En el rari escuchando un corridón
A mi musa ya le pegue tres palos

Y como los jeques encapuchados
Fiesta carros en Mónaco
En el Vaticano un pinche blond
Bien locos ondeados

Un wiscacho y una doncella me llama
Quiere que las pase a recoger
Y que le deje en su tanga
Mi aromita de L’immensite
Es que le mama
Mi cubana
Me jala
A la cama

Conectes fletes llegan todos por Italia
Cuadros Frida Kahlo me enseñó
Traigo a la Piki pikada
Le gustan malandros como yo
Le encanta la vida cara
Es interesada

Porto fino italiano
Bugatti chiron de Jacob y Co
En el rari escuchando un corridón
A mi musa ya le pegue tres palos

Y como los jeques encapuchados
Fiesta carros en Mónaco
En el Vaticano un pinche blond
Bien locos ondeados

Peso Pluma
⋟Instagram - https://bit.ly/3KxRYMd
⋟Spotify - http://bit.ly/435v7ii
⋟TikTok - http://bit.ly/3ZBp3LC
⋟Apple Music - http://bit.ly/411a92p
⋟TikTok:- https://bit.ly/PesoPlumaTT

Tito Double P
⋟Spotify - https://spoti.fi/3RsDHUv
⋟Instagram - https://bit.ly/3TcibEW
⋟Apple Music - https://apple.co/3NdJn2u
⋟TikTok - https://bit.ly/4hrEhvT

El Randal
⋟Spotify - https://bit.ly/4kTV0uR
⋟Instagram - https://bit.ly/4cOGUJb
⋟Apple Music - https://bit.ly/4kZ3QaP
⋟TikTok - https://bit.ly/4s9xZXh

•MÚSICA
Producer: Ernesto Fernandez, Hassan Emilio Kabande Laija, Ivan Leal Reyes
“Parka”
Autores: Carlos Joel Zurita Flores, Saul Alejandro Zuritas, Hassan Emilio Kabande Laija, Jesus Roberto Laija García

•VIDEO
Producción - Good Groceries & Day at Nite
Dirección - John Dela Casa & Seb Espino

#PesoPluma #TitoDoubleP #ElRandal",2026-02-27T02:00:07Z,2026-02-27 02:00 UTC,UEIAe-MhI9U,https://www.youtube.com/watch?v=UEIAe-MhI9U,Peso Pluma,UCzrM_068Odho89mTRrrxqbA,https://www.youtube.com/channel/UCzrM_068Odho89mTRrrxqbA,"{""default"": ""https://i.ytimg.com/vi/UEIAe-MhI9U/default.jpg"", ""medium"": ""https://i.ytimg.com/vi/UEIAe-MhI9U/mqdefault.jpg"", ""high"": ""https://i.ytimg.com/vi/UEIAe-MhI9U/hqdefault.jpg"", ""standard"": ""https://i.ytimg.com/vi/UEIAe-MhI9U/sddefault.jpg"", ""maxres"": ""https://i.ytimg.com/vi/UEIAe-MhI9U/maxresdefault.jpg""}",245192.0,245K views,PT2M54S,2:54,0,0.02
2026-02-27,'Ninth Wave' Update Trailer / War Thunder,"The next major update for War Thunder — 'Ninth Wave'!

🔘 Site: http://warthunder.com/ 
🔘 Twitch: https://www.twitch.tv/warthunder
🔘 Telegram: https://t.me/warthunder
🔘 Twitter: http://twitter.com/warthunder
🔘 Facebook: http://www.facebook.com/WarThunder
🔘 Forum: http://forum.warthunder.com/

#WarThunder",2026-02-26T18:00:06Z,2026-02-26 18:00 UTC,hrmMWJPDZ0E,https://www.youtube.com/watch?v=hrmMWJPDZ0E,War Thunder. Official channel.,UCPZsNertSS82YCT2qX9-wHA,https://www.youtube.com/channel/UCPZsNertSS82YCT2qX9-wHA,"{""default"": ""https://i.ytimg.com/vi/hrmMWJPDZ0E/default.jpg"", ""medium"": ""https://i.ytimg.com/vi/hrmMWJPDZ0E/mqdefault.jpg"", ""high"": ""https://i.ytimg.com/vi/hrmMWJPDZ0E/hqdefault.jpg"", ""standard"": ""https://i.ytimg.com/vi/hrmMWJPDZ0E/sddefault.jpg"", ""maxres"": ""https://i.ytimg.com/vi/hrmMWJPDZ0E/maxresdefault.jpg""}",219584.0,220K views,PT2M26S,2:26,0,0.02
2026-02-27,Resident Evil 9 Requiem - Part 1,"I can't believe it's time for another Resident Evil game. This time it's Resident Evil 9 Requiem with Leon and Grace
Drink my coffee: https://topofthemornincoffee.com/

Follow me on Instagram: https://www.instagram.com/jacksepticeye

Edited By: https://www.youtube.com/@treyyates",2026-02-26T15:00:24Z,2026-02-26 15:00 UTC,FmKEQVXodVo,https://www.youtube.com/watch?v=FmKEQVXodVo,jacksepticeye,UCYzPXprvl5Y-Sf0g4vX-m6g,https://www.youtube.com/channel/UCYzPXprvl5Y-Sf0g4vX-m6g,"{""default"": ""https://i.ytimg.com/vi/FmKEQVXodVo/default.jpg"", ""medium"": ""https://i.ytimg.com/vi/FmKEQVXodVo/mqdefault.jpg"", ""high"": ""https://i.ytimg.com/vi/FmKEQVXodVo/hqdefault.jpg"", ""standard"": ""https://i.ytimg.com/vi/FmKEQVXodVo/sddefault.jpg"", ""maxres"": ""https://i.ytimg.com/vi/FmKEQVXodVo/maxresdefault.jpg""}",628342.0,628K views,PT2H7M3S,2:07:03,0,0.02
2026-02-27,"Dani Barranco, Rome LMN - SADI-K","Suscríbete a mi canal: https://bit.ly/DaniBarrancoSub 

SPOTIFY: http://open.spotify.com/album/1gSE68AtNn0ICRzYNJKBZm
TIDAL: https://listen.tidalhifi.com/search/SADI-K
APPLE MUSIC: https://geo.itunes.apple.com/at/album/id1877790253?at=1l3v9Tx&app=itunes
AMAZON MUSIC: http://www.amazon.de/s/ref=nb_sb_noss?__mk_de_DE=%C5M%C5Z%D5%D1&url=search-alias%3Ddigital-music&field-keywords=SADI-K&x=0&y=0

INSTAGRAM: danibarranco13
https://www.instagram.com/danibarranco13

TWITTER: DaniBarranco13
https://twitter.com/DaniBarranco13

FACEBOOK FAN PAGE: DaniBarranco13
https://www.facebook.com/danielabarranco13/

#DaniBarranco #sadık #sadica",2026-02-27T00:00:07Z,2026-02-27 00:00 UTC,JbndpT-FPnE,https://www.youtube.com/watch?v=JbndpT-FPnE,Dani Barranco,UCjTC7rv5Lo1j_Efiki-tZbQ,https://www.youtube.com/channel/UCjTC7rv5Lo1j_Efiki-tZbQ,"{""default"": ""https://i.ytimg.com/vi/JbndpT-FPnE/default.jpg"", ""medium"": ""https://i.ytimg.com/vi/JbndpT-FPnE/mqdefault.jpg"", ""high"": ""https://i.ytimg.com/vi/JbndpT-FPnE/hqdefault.jpg"", ""standard"": ""https://i.ytimg.com/vi/JbndpT-FPnE/sddefault.jpg"", ""maxres"": ""https://i.ytimg.com/vi/JbndpT-FPnE/maxresdefault.jpg""}",91566.0,92K views,PT2M23S,2:23,0,0.02
2026-02-27,SPIDER-MAN BRAND NEW DAY X-Men Announcement,"Spider-Man Brand New Day X-Men Announcement. Spider-Man Brand New Day Trailer 2026. Sadie Sink Jean Grey, New X-Men Characters, Avengers Doomsday Trailer, Classic X-Men vs Marvel Reboot X-Men Movie 2028 & Avengers Secret Wars Teaser ► https://bit.ly/AwesomeSubscribe
Knight Of The Seven Kingdoms Episode 6 https://www.youtube.com/watch?v=tG779rR3sVM&list=PLOIeYdZ3QczxGuSDE8NtOuthqbKFChC0q&index=1&pp=iAQBsAgC
House Of The Dragon Season 3 Trailer https://www.youtube.com/watch?v=VLAKfS3RlB0&list=PLOIeYdZ3QczxGuSDE8NtOuthqbKFChC0q&index=3&pp=iAQBsAgC
Fallout Season 2 Episode 8 https://www.youtube.com/watch?v=52v_6lRR_Cw&list=PLOIeYdZ3Qczw4IKaQOuhsqjNHq34PAB-d&index=1&pp=iAQBsAgC
Henry Cavill Highlander Teaser https://www.youtube.com/watch?v=MKhod_ziM0s&list=PLOIeYdZ3QczxQXxyV_2D8kuEs_QsuQIyJ&index=2&pp=iAQB2AbwA7AIAg%3D%3D
Masters Of The Universe Trailer https://www.youtube.com/watch?v=YEPEM1BoBuo&list=PLOIeYdZ3QczxQXxyV_2D8kuEs_QsuQIyJ&index=11&pp=iAQB2AauBLAIAg%3D%3D
Avengers Doomsday X-Men Trailer https://www.youtube.com/watch?v=hz5IpqEri2s&list=PLOIeYdZ3QczwWT3yd94Xc6n-ooI85uV_u&index=1&pp=gAQBiAQBsAgC
Lanterns Trailer https://www.youtube.com/watch?v=rk_DTMEaE_k&list=PLOIeYdZ3QczwCLH9RIm-7ui56ameRYmdQ&index=1&pp=gAQBiAQB
Spider-Man Brand New Day Trailer https://www.youtube.com/watch?v=0qPeNpdeIo0&list=PLOIeYdZ3QczxQXxyV_2D8kuEs_QsuQIyJ&index=5&pp=gAQBiAQBsAgC 
Emergency Awesome New Videos https://www.youtube.com/watch?v=FeOfhzu7ZdY&list=PLOIeYdZ3QczxQXxyV_2D8kuEs_QsuQIyJ&index=7

Video Game Youtube Channel https://youtube.com/charliestreams
Twitch Channel https://twitch.tv/emergencyawesome
Twitter  https://x.com/awesomemergency
Facebook  https://facebook.com/emergencyawesome
Instagram  https://instagram.com/emergencyawesome
Tumblr  https://robotchallenger.com
My Website https://emergencyawesome.com

:: Video Playlists For Shows ::

New Emergency Awesome Videos https://www.youtube.com/playlist?list=PLOIeYdZ3QczxQXxyV_2D8kuEs_QsuQIyJ
House of The Dragon Episodes https://www.youtube.com/playlist?list=PLOIeYdZ3QczxqJeNeCsF_ghizcTS9nM4X
Loki Episodes https://www.youtube.com/playlist?list=PLOIeYdZ3Qczy8mUNqHU-35xtTd-JpJU3l
The Mandalorian Episodes https://www.youtube.com/playlist?list=PLOIeYdZ3QczzsN78nOjS-ABHwKaB7KONW
Game of Thrones Episodes https://www.youtube.com/playlist?list=SPOIeYdZ3QczxGuSDE8NtOuthqbKFChC0q
Marvel Movies and Avengers https://www.youtube.com/playlist?list=PLOIeYdZ3QczwWT3yd94Xc6n-ooI85uV_u
Avatar The Last Airbender Episodes https://www.youtube.com/playlist?list=PLOIeYdZ3Qczx-z2jyyX4naSnE1A8d0hkC
The Boys Season 5 Episodes https://www.youtube.com/playlist?list=PLOIeYdZ3Qczw-KMQyuCrxcxV3mSQWTAdR
Spider Man Videos https://www.youtube.com/playlist?list=PLOIeYdZ3QczzbRhRiGhj3-MaZ_24kadOy
The Batman and DC Movies https://www.youtube.com/playlist?list=PLOIeYdZ3QczwCLH9RIm-7ui56ameRYmdQ
Justice League Snyder Cut Videos https://www.youtube.com/playlist?list=PLOIeYdZ3QczwCLH9RIm-7ui56ameRYmdQ
Star Wars Movies https://www.youtube.com/playlist?list=PLOIeYdZ3QczztMg8cT1WS0P8ATv-MhUEJ

THANKS FOR WATCHING!!",2026-02-26T21:16:11Z,2026-02-26 21:16 UTC,HRibedL6Zag,https://www.youtube.com/watch?v=HRibedL6Zag,Emergency Awesome,UCDiFRMQWpcp8_KD4vwIVicw,https://www.youtube.com/channel/UCDiFRMQWpcp8_KD4vwIVicw,"{""default"": ""https://i.ytimg.com/vi/HRibedL6Zag/default.jpg"", ""medium"": ""https://i.ytimg.com/vi/HRibedL6Zag/mqdefault.jpg"", ""high"": ""https://i.ytimg.com/vi/HRibedL6Zag/hqdefault.jpg"", ""standard"": ""https://i.ytimg.com/vi/HRibedL6Zag/sddefault.jpg"", ""maxres"": ""https://i.ytimg.com/vi/HRibedL6Zag/maxresdefault.jpg""}",108814.0,109K views,PT11M59S,11:59,0,0.02
2026-02-27,Avengers: Infinity War,"Iron Man, Thor, the Hulk and the rest of the Avengers unite to battle their most powerful enemy yet -- the evil Thanos. On a mission to collect all six Infinity Stones, Thanos plans to use the artifacts to inflict his twisted will on reality. The fate of the planet and existence itself has never been more uncertain as everything the Avengers have fought for has led up to this moment.",2026-02-12T01:09:24Z,2026-02-12 01:09 UTC,VygcRr1jcHw,https://www.youtube.com/watch?v=VygcRr1jcHw,FX,UCP7l2eYJokMkMQVwPs8WB_A,https://www.youtube.com/channel/UCP7l2eYJokMkMQVwPs8WB_A,"{""default"": ""https://i.ytimg.com/vi/VygcRr1jcHw/default.jpg"", ""medium"": ""https://i.ytimg.com/vi/VygcRr1jcHw/mqdefault.jpg"", ""high"": ""https://i.ytimg.com/vi/VygcRr1jcHw/hqdefault.jpg""}",,,P0D,0:00,0,0.02
2026-02-27,Hades66 - YO QUIERO 💿 EL SEI66EIS (Visualizer),"Hades66 - YO QUIERO 💿 EL SEI66EIS (Visualizer)
Escucha: https://sonarmusic.io/elsei66eis

Sigue a Hades66: 
Instagram: https://www.instagram.com/hades66
TikTok: https://www.tiktok.com/@hades66mmnf
Spotify - https://open.spotify.com/artist/4CQdcx66F116k2db2Y0rjE
Apple: https://music.apple.com/us/artist/hades66/1537462379 
Pandora: https://pandora.app.link/Ub0uy0m9TCb

#Hades66 #yoquiero  #ElSEI66EIS",2026-02-26T22:00:35Z,2026-02-26 22:00 UTC,R4ONYly2wWI,https://www.youtube.com/watch?v=R4ONYly2wWI,Hades 66,UCmq68gs3AMYLHwu-3ujlcaA,https://www.youtube.com/channel/UCmq68gs3AMYLHwu-3ujlcaA,"{""default"": ""https://i.ytimg.com/vi/R4ONYly2wWI/default.jpg"", ""medium"": ""https://i.ytimg.com/vi/R4ONYly2wWI/mqdefault.jpg"", ""high"": ""https://i.ytimg.com/vi/R4ONYly2wWI/hqdefault.jpg"", ""standard"": ""https://i.ytimg.com/vi/R4ONYly2wWI/sddefault.jpg"", ""maxres"": ""https://i.ytimg.com/vi/R4ONYly2wWI/maxresdefault.jpg""}",129239.0,129K views,PT2M28S,2:28,0,0.02
2026-02-27,Stage Tour - Official Reveal Trailer | IGN Fan Fest 2026,"Build your band. Pick your style. Own the stage. Step into the spotlight with Stage Tour, a modern rhythm-action game from RedOctane Games. Stage Tour will be available in fall 2026. More details coming soon, and you can sign up to be notified at stagetour.com if you're interested.

#IGN #Gaming #FanFest",2026-02-26T19:31:48Z,2026-02-26 19:31 UTC,4LwvzQVHpso,https://www.youtube.com/watch?v=4LwvzQVHpso,IGN,UCKy1dAqELo0zrOtPkf0eTMw,https://www.youtube.com/channel/UCKy1dAqELo0zrOtPkf0eTMw,"{""default"": ""https://i.ytimg.com/vi/4LwvzQVHpso/default.jpg"", ""medium"": ""https://i.ytimg.com/vi/4LwvzQVHpso/mqdefault.jpg"", ""high"": ""https://i.ytimg.com/vi/4LwvzQVHpso/hqdefault.jpg"", ""standard"": ""https://i.ytimg.com/vi/4LwvzQVHpso/sddefault.jpg"", ""maxres"": ""https://i.ytimg.com/vi/4LwvzQVHpso/maxresdefault.jpg""}",39481.0,39K views,PT1M5S,1:05,0,0.02
2026-02-27,Hermitcraft 11: Episode 11 - THE BASE BEGINS!,"Hermitcraft 11: Episode 11 - THE BASE BEGINS! 

We finally move on to the mega base and for this I need to learn Axiom, however, distractions.",2026-02-26T18:00:17Z,2026-02-26 18:00 UTC,Fwf7n7vBAC4,https://www.youtube.com/watch?v=Fwf7n7vBAC4,Grian,UCR9Gcq0CMm6YgTzsDxAxjOQ,https://www.youtube.com/channel/UCR9Gcq0CMm6YgTzsDxAxjOQ,"{""default"": ""https://i.ytimg.com/vi/Fwf7n7vBAC4/default.jpg"", ""medium"": ""https://i.ytimg.com/vi/Fwf7n7vBAC4/mqdefault.jpg"", ""high"": ""https://i.ytimg.com/vi/Fwf7n7vBAC4/hqdefault.jpg"", ""standard"": ""https://i.ytimg.com/vi/Fwf7n7vBAC4/sddefault.jpg"", ""maxres"": ""https://i.ytimg.com/vi/Fwf7n7vBAC4/maxresdefault.jpg""}",615256.0,615K views,PT34M49S,34:49,0,0.02
2026-02-27,"J Balvin, Ryan Castro, DJ Snake - Tonto (Official Video)","Escucha / Stream “Tonto” on your favorite platform: https://jbalvin.com/pages/links

Subscribe to my YouTube channel here: https://jbalvin.lnk.to/YTSubscribe 

Connect with J Balvin: 
Instagram:  https://www.instagram.com/jbalvin
TikTok:  https://www.tiktok.com/@jbalvin
X: https://x.com/jbalvin
Facebook: https://www.facebook.com/JBalvinOficial
La Familia: https://JBalvin.lnk.to/LaFamiliaSubscribe
WA broadcast: https://JBalvin.lnk.to/Whatsapp
Bubble: https://apps.apple.com/co/app/the-bubble-by-dear-u-intl/id6618122661?l=en-GB


Connect with Ryan Castro:
Instagram: https://www.instagram.com/ryancastrro/
TikTok: https://www.tiktok.com/@elcantantedelghetto
Facebook: https://www.facebook.com/ryancastrro
WhatsApp: https://www.whatsapp.com/channel/0029Va5XUzICMY0KlUDuKP3c

Connect with DJ Snake:
Instagram: https://www.instagram.com/djsnake 
TikTok: https://www.tiktok.com/@djsnake 
X: https://x.com/djsnake 
Website: https://djsnake.com/ 

Letra:
No se puede decir groserías
Soy godzilla y presento
Dj Snake, Sog, J Balvin, Ryan Castro

Latino gang
AWOO

Tonto, mi ke tonto
Tonto, yo quiero tonto
Tonto, mi ke tonto
Esta rica pa hacerle (X2)

AWOO

Me siento como Kendrick en Compton
Con una chimba montada en el phantom
La cubana con las jordan concord
No colaboramos con los tombos
Mami clap clap ese bombo
Muévelo pa mi y pa mi combo
Pa que me invitan si saben como me pongo
Tu no estas rica
Tu estas rica con Co.

Tonto, mi ke tonto
Tonto, yo quiero tonto
Tonto, mi ke tonto
Esta rica pa hacerle (X2)

The weekend en Toronto
Si no es la Gwa es en la bronco
Cada que tengo party la monto
No no no mutombo

El gato volador como el chombo
Perro de raza (putongo)
Me la como en PR como mofongo
No soy un gomelo del colombo

Tonto, mi ke tonto
Tonto, yo quiero tonto
Tonto, mi ke tonto
Esta rica pa hacerle (X2)

Production Company: BROKEN MINDS S.A.S
Director: Alex Ulises Villa Arias
Producer: Felipe Mejia Munera

Music video by J Balvin, Ryan Castro, DJ Snake performing Tonto.© 2026 Sueños Globales, LLC, exclusively licensed to UMG Recordings, Inc.",2026-02-27T00:00:07Z,2026-02-27 00:00 UTC,7hJ00483eN4,https://www.youtube.com/watch?v=7hJ00483eN4,jbalvinVEVO,UCrHL_BF5lHyK43BxLU8-vBQ,https://www.youtube.com/channel/UCrHL_BF5lHyK43BxLU8-vBQ,"{""default"": ""https://i.ytimg.com/vi/7hJ00483eN4/default.jpg"", ""medium"": ""https://i.ytimg.com/vi/7hJ00483eN4/mqdefault.jpg"", ""high"": ""https://i.ytimg.com/vi/7hJ00483eN4/hqdefault.jpg"", ""standard"": ""https://i.ytimg.com/vi/7hJ00483eN4/sddefault.jpg"", ""maxres"": ""https://i.ytimg.com/vi/7hJ00483eN4/maxresdefault.jpg""}",243845.0,244K views,PT3M22S,3:22,0,0.02
2026-02-27,MORTAL KOMBAT 2 Official Trailer 2 (2026),"Official Mortal Kombat 2 Movie Trailer 2 2026 | More ➤ https://KinoCheck.com/App | Karl Urban Movie Trailer | Cinema: 8 May 2026 | Details ➤ https://KinoCheck.com/movie/qy3/mortal-kombat-2-2026?utm_source=youtube&utm_medium=description
'Mortal Kombat 2' intensifies the battle against Shang Tsung, hinting at an imminent showdown between Earth and Outworld. The anticipated sequel promises the return of classic characters and a deeper exploration of the tournament's lore, building up excitement for fans.

Mortal Kombat 2 (2026) is the new action movie by Simon McQuoid, starring Karl Urban, Hiroyuki Sanada and Chin Han.

Note | #MortalKombat2 #Trailer courtesy of Warner Bros. Pictures Germany. | All Rights Reserved. #KinoCheck®",2026-02-25T18:08:50Z,2026-02-25 18:08 UTC,n8Er6osVDWg,https://www.youtube.com/watch?v=n8Er6osVDWg,KinoCheck.com,UCLRlryMfL8ffxzrtqv0_k_w,https://www.youtube.com/channel/UCLRlryMfL8ffxzrtqv0_k_w,"{""default"": ""https://i.ytimg.com/vi/n8Er6osVDWg/default.jpg"", ""medium"": ""https://i.ytimg.com/vi/n8Er6osVDWg/mqdefault.jpg"", ""high"": ""https://i.ytimg.com/vi/n8Er6osVDWg/hqdefault.jpg"", ""standard"": ""https://i.ytimg.com/vi/n8Er6osVDWg/sddefault.jpg"", ""maxres"": ""https://i.ytimg.com/vi/n8Er6osVDWg/maxresdefault.jpg""}",230330.0,230K views,PT2M41S,2:41,0,0.02
2026-02-27,I Worked Security At An Abandoned Mall…,"CaseOh X Starforge  https://starforgepc.com/CaseOh 
GamerSupps -10% off Code CaseOh -  https://gamersupps.gg/
Merch - https://caseohgames.com/
Cheeky - https://usecheeky.com/
Kitty Thumbsticks - https://kontrolfreek.pro/CaseOh
BTV - http://btvcomic.com/caseoh
Check out ⬇️
Music by Karl Casey @ White Bat Audio https://www.youtube.com/whitebataudio
_________________________________________________________________

Join this channel to get access to uploads with no blurs or mutes:
https://www.youtube.com/channel/UC63anZxfVGHUEmfBAf5w7pw/join
________________________________________________________________
Follow 👇
Twitch 🎥 https://www.twitch.tv/caseoh_
MoreCaseOh YT 📺  https://www.youtube.com/@MoreCaseOh
TikTok - https://www.tiktok.com/@caseohgames 
X - https://x.com/CaseOh__
Instagram - https://www.instagram.com/caseoh_games
Discord - https://discord.gg/caseoh
_________________________________________________________________",2026-02-26T23:07:31Z,2026-02-26 23:07 UTC,77Uk3Vb15Ek,https://www.youtube.com/watch?v=77Uk3Vb15Ek,CaseOh,UC63anZxfVGHUEmfBAf5w7pw,https://www.youtube.com/channel/UC63anZxfVGHUEmfBAf5w7pw,"{""default"": ""https://i.ytimg.com/vi/77Uk3Vb15Ek/default.jpg"", ""medium"": ""https://i.ytimg.com/vi/77Uk3Vb15Ek/mqdefault.jpg"", ""high"": ""https://i.ytimg.com/vi/77Uk3Vb15Ek/hqdefault.jpg"", ""standard"": ""https://i.ytimg.com/vi/77Uk3Vb15Ek/sddefault.jpg"", ""maxres"": ""https://i.ytimg.com/vi/77Uk3Vb15Ek/maxresdefault.jpg""}",156930.0,157K views,PT1H58M47S,1:58:47,0,0.02
2026-02-27,Grupo Firme - El Beneficio De La Duda (Letra),"Grupo Firme - El Beneficio De La Duda (Letra)
Grupo Firme - El Beneficio De La Duda (Lyrics)
Grupo Firme - El Beneficio De La Duda (Subtitulada)

⮞Lyrics:
[Verso]
Sé que ahora lo último que quieres es saber cómo me encuentro
Pero, por si acaso llegas a pensar en mí un momento
Quiero que sepas que yo también estoy pensando en ti
Y también me queda claro que no te interesan mis historias
La versión mía de los hechos no me llevará a la gloria
Pero, de algún modo, sé que no me dejaría tan mal

[Coro]
No me merezco el benеficio de la duda
Mas lo voy a agradecer si acaso un día mе lo regalas
Tú y yo no estamos pa' estar sufriendo por estupideces
Nos podemos arreglar si todavía te quedan ganas
Y no quisiera que me malinterpretaras
Pero a los dos nos conviene que le demos vuelta a la hoja
Se nos va a poner difícil eso de andarle buscando en otras gentes
Otros modos, otros cuerpos, otras bocas

[Post-Coro]
Tú y yo estábamos viviendo algo bonito
Y disculpa si es que te vuelvo a insistir
Solo dame el beneficio de la duda
Y no te vas a arrepentir
(Ra-ra-ra-ra-ri-ra)
(Ra-ra-ra-ra-ri-ra)

[Interludio]
¡Y puro Grupo Firme!
¡Uh!

[Coro]
No me merezco el beneficio de la duda
Mas lo voy a agradecer si acaso un día me lo regalas
Tú y yo no estamos pa' estar sufriendo por estupideces
Nos podemos arreglar si todavía te quedan ganas
Y no quisiera que me malinterpretaras
Pero a los dos nos conviene que le demos vuelta a la hoja
Se nos va a poner difícil eso de andarle buscando en otras gentes
Otros modos, otros cuerpos, otras bocas

[Post-Coro]
Tú y yo estábamos viviendo algo bonito
Y disculpa si es que te vuelvo a insistir
Solo dame el beneficio de la duda
Y no te vas a arrepentir

[Outro]
(Ay, la-ra-la)
(La-ra-la)
(La-ra-la)
(La-ra-la, ah-ah)

[tags]
grupo firme, el beneficio de la duda, grupo firme album, grupo firme el beneficio de la duda letra, grupo firme el beneficio de la duda karaoke, grupo firme el beneficio de la duda lyrics, grupo firme el beneficio de la duda audio, grupo firme el beneficio de la duda tiktok, latin pop, pop latino, musica latina, karaoke, hd, hq, topic, rixelus

#GrupoFirme #ElBeneficioDeLaDuda #GrupoFirmeAlbum #pop #latinpop #mexa #rock #poplatino #musicalatina #latinmusic #RIXELUS",2026-02-23T22:00:06Z,2026-02-23 22:00 UTC,4mA1r6iSWJQ,https://www.youtube.com/watch?v=4mA1r6iSWJQ,RIXELUS,UCrkF_lRGv6wuOZVNWCuOCuA,https://www.youtube.com/channel/UCrkF_lRGv6wuOZVNWCuOCuA,"{""default"": ""https://i.ytimg.com/vi/4mA1r6iSWJQ/default.jpg"", ""medium"": ""https://i.ytimg.com/vi/4mA1r6iSWJQ/mqdefault.jpg"", ""high"": ""https://i.ytimg.com/vi/4mA1r6iSWJQ/hqdefault.jpg"", ""standard"": ""https://i.ytimg.com/vi/4mA1r6iSWJQ/sddefault.jpg"", ""maxres"": ""https://i.ytimg.com/vi/4mA1r6iSWJQ/maxresdefault.jpg""}",346979.0,347K views,PT4M6S,4:06,0,0.02
2026-02-27,Metallica: Life Burns Faster at Sphere in Las Vegas (Trailer),"LIFE BURNS FASTER! We’re officially bringing our No Repeat Weekends to Sphere in Las Vegas this fall!

October 1 & 3
October 15 & 17
October 22 & 24
October 29 & 31

Two-Night and Single-Night Tickets go on sale on Friday, March 6, beginning at 10 AM PT. There will be several ticket presale opportunities starting this week. 

Get all the info at metallica.lnk.to/MetallicaSphere.

#Metallica #SphereVegas #LifeBurnsFaster #MetallicaSphere

Subscribe for more videos: https://metallica.lnk.to/subscribe
Listen to Metallica: https://metallica.lnk.to/listen

Follow Metallica:
Website & Store: https://www.metallica.com
Maximum Metallica on SiriusXM: https://metallica.lnk.to/MaximumMetallica
Official Live Recordings: https://www.nugs.net/metallica
Instagram: https://www.instagram.com/metallica
Facebook: https://www.facebook.com/metallica
TikTok: https://www.tiktok.com/@metallica

© 2026 Blackened Recordings",2026-02-25T15:00:00Z,2026-02-25 15:00 UTC,6f5SsjjrSp0,https://www.youtube.com/watch?v=6f5SsjjrSp0,Metallica,UCbulh9WdLtEXiooRcYK7SWw,https://www.youtube.com/channel/UCbulh9WdLtEXiooRcYK7SWw,"{""default"": ""https://i.ytimg.com/vi/6f5SsjjrSp0/default.jpg"", ""medium"": ""https://i.ytimg.com/vi/6f5SsjjrSp0/mqdefault.jpg"", ""high"": ""https://i.ytimg.com/vi/6f5SsjjrSp0/hqdefault.jpg"", ""standard"": ""https://i.ytimg.com/vi/6f5SsjjrSp0/sddefault.jpg"", ""maxres"": ""https://i.ytimg.com/vi/6f5SsjjrSp0/maxresdefault.jpg""}",293940.0,294K views,PT1M1S,1:01,0,0.02
2026-02-27,Owner Gave Me ADMIN COMMANDS in Knockout..,"Merch:  https://shopcaylus.com/ 

My Roblox Group: https://www.roblox.com/communities/11190175/Caylus-Group#!/store

My Roblox Game: https://www.roblox.com/games/98868317791094/DUMP-ALPHA

My Discord: https://discord.gg/infinite

Waterpark Simulator: https://store.steampowered.com/app/3293260/Waterpark_Simulator/

My Discord Server: https://discord.gg/infinite

My Secret Roblox Channel: https://www.youtube.com/@CaylusBloxTopVids

Instagram: https://www.instagram.com/caylus/?hl=en

Twitter: https://x.com/caylusq",2026-02-26T20:46:15Z,2026-02-26 20:46 UTC,fvjbRQ4kwB4,https://www.youtube.com/watch?v=fvjbRQ4kwB4,CaylusBlox,UCsPMNatXCwqyUuJilBT73jg,https://www.youtube.com/channel/UCsPMNatXCwqyUuJilBT73jg,"{""default"": ""https://i.ytimg.com/vi/fvjbRQ4kwB4/default.jpg"", ""medium"": ""https://i.ytimg.com/vi/fvjbRQ4kwB4/mqdefault.jpg"", ""high"": ""https://i.ytimg.com/vi/fvjbRQ4kwB4/hqdefault.jpg"", ""standard"": ""https://i.ytimg.com/vi/fvjbRQ4kwB4/sddefault.jpg"", ""maxres"": ""https://i.ytimg.com/vi/fvjbRQ4kwB4/maxresdefault.jpg""}",307749.0,308K views,PT22M32S,22:32,0,0.02
2026-02-27,Foster The People - Pumped Up Kicks (Lyrics),"Foster The People - Pumped Up Kicks (Lyrics)

✖ Stream / Download:
https://FosterThePeople.lnk.to/listenYD

✖ Follow:
https://www.instagram.com/fosterthepeople/?hl=en

🎤  Lyrics:
obert's got a quick hand
He'll look around the room
He won't tell you his plan
He's got a rolled cigarette
Hanging out his mouth
He's a cowboy kid

Yeah he found a six-shooter gun
In his dad's closet with a box of fun things
I don't even know what
But he's coming for you, yeah he's coming for you, wait

All the other kids with the pumped up kicks
You better run, better run, outrun my gun
All the other kids with the pumped up kicks
You better run, better run, faster than my bullet

All the other kids with the pumped up kicks
You better run, better run, outrun my gun
All the other kids with the pumped up kicks
You better run, better run, faster than my bullet

Daddy works a long day
He be coming home late, and he's coming home late
And he's bringing me a surprise
'Cause dinner's in the kitchen and it's packed in ice

I've waited for a long time
Yeah the sleight of my hand is now a quick-pull trigger
I reason with my cigarette
And say, ""Your hair's on fire, you must've lost your wits?""
Yeah

All the other kids with the pumped up kicks
You better run, better run, outrun my gun
All the other kids with the pumped up kicks
You better run, better run, faster than my bullet

All the other kids with the pumped up kicks
You better run, better run, outrun my gun
All the other kids with the pumped up kicks
You better run, better run, faster than my bullet

Run, run, run, run, ru-ru-ru-run, run, run
Ru-ru-ru-run, run, run, run
Ru-ru-ru-run, run, run, run, run, run

All the other kids with the pumped up kicks
You better run, better run, outrun my gun
All the other kids with the pumped up kicks
You better run, better run, faster than my bullet

All the other kids with the pumped up kicks
You better run, better run, outrun my gun
All the other kids with the pumped up kicks
You better run, better run, faster than my bullet

All the other kids with the pumped up kicks
You better run, better run, outrun my gun
All the other kids with the pumped up kicks
You better run, better run, faster than my bullet

THE VIBE GUIDE - Your guide to the latest music trends.
➡ http://instagram.com/thevibeguide
➡ http://facebook.com/thevibeguide
➡ http://soundcloud.com/thevibeguide
➡ http://twitter.com/thevibeguide

Authorized & Licensed to The Vibe Guide. This upload is fully cleared for global streaming.

For more quality music subscribe here ➡ http://bit.ly/sub2thvbgd

📧 Send your submissions to tvgsubmissions@gmail.com

#lyrics #indie",2026-02-19T16:30:07Z,2026-02-19 16:30 UTC,BbzAbdD433I,https://www.youtube.com/watch?v=BbzAbdD433I,The Vibe Guide,UCxH0sQJKG6Aq9-vFIPnDZ2A,https://www.youtube.com/channel/UCxH0sQJKG6Aq9-vFIPnDZ2A,"{""default"": ""https://i.ytimg.com/vi/BbzAbdD433I/default.jpg"", ""medium"": ""https://i.ytimg.com/vi/BbzAbdD433I/mqdefault.jpg"", ""high"": ""https://i.ytimg.com/vi/BbzAbdD433I/hqdefault.jpg"", ""standard"": ""https://i.ytimg.com/vi/BbzAbdD433I/sddefault.jpg"", ""maxres"": ""https://i.ytimg.com/vi/BbzAbdD433I/maxresdefault.jpg""}",130102.0,130K views,PT3M41S,3:41,0,0.02
2026-02-27,In A Violent Nature 2 - Official Teaser Trailer | IGN Fan Fest 2026,"Check out the trailer for In A Violent Nature 2, an upcoming sequel to the 2024 horror slasher film. In A Violent Nature 2 stars Ry Barrett, Lucas Nguyen, Olivia Scriven, Laurie Babin, Fionn Laird, Donald MacLean Jr., and Evan Marsh. 

Independent Film Company and Shudder present In A Violent Nature 2. Johnny's violent rampage leads him to a summer camp just as a young, outcast camper is forced to spend the night with his counselor sister and her friends at their annual end-of-season party.",2026-02-26T18:09:41Z,2026-02-26 18:09 UTC,iEpn230cPZw,https://www.youtube.com/watch?v=iEpn230cPZw,IGN Movie Trailers,UCWJ5MfdQZ6jXbF5gYuSAf5Q,https://www.youtube.com/channel/UCWJ5MfdQZ6jXbF5gYuSAf5Q,"{""default"": ""https://i.ytimg.com/vi/iEpn230cPZw/default.jpg"", ""medium"": ""https://i.ytimg.com/vi/iEpn230cPZw/mqdefault.jpg"", ""high"": ""https://i.ytimg.com/vi/iEpn230cPZw/hqdefault.jpg"", ""standard"": ""https://i.ytimg.com/vi/iEpn230cPZw/sddefault.jpg"", ""maxres"": ""https://i.ytimg.com/vi/iEpn230cPZw/maxresdefault.jpg""}",25286.0,25K views,PT1M5S,1:05,0,0.02
2026-02-27,Sirius - No more Brawl Stars! (Brawl Stars Animation),"🫷 Sirius, The First Star of Starr Park is here! 🫸

🌟 Get 20 Boxes in the Sirius Release event to unlock the Brawler
⭐️ 99 Brawler win Quests! If you have all 99 Brawler you can also get 1 win with each of them to unlock Sirius!
✨ Completing these Quests also rewards you with Sirius-themed cosmetics and 1 Sirius Box!
🔥 Sirius' Hypercharge is out today as well!
💥 New game mode: SHADOW SMASH!
🗓️ Lucky Daily Wins today!

Download NOW!! ►► https://supr.cl/2K62CZG
Subscribe!! ►► https://supr.cl/subscribe

An epic battle royale made for mobile! Play with friends or solo across various game modes in under three minutes.

Unlock and upgrade dozens of Brawlers with powerful Super abilities, Star Powers, Gadgets and Gears! 
Collect unique skins to stand out and show off. Battle in a variety of mysterious locations within the Brawliverse!

BATTLE IN MULTIPLE GAME MODES
- Gem Grab (3v3): Team up and out-strategize the opposing team. Collect and hold 10 gems to win, but get fragged and lose your gems.
- Showdown (Solo/Duo): A battle royale style fight for survival. Collect power ups for your Brawler. Grab a friend or play solo - be the last Brawler standing in the rowdiest battle royale yet. Winner take all!
- Brawl Ball (3v3): It’s a whole new Brawl game! Show off your soccer/football skills and score two goals before the other team. There are no red cards here.
- Bounty (3v3): Take out opponents to earn stars, but don’t let them pick you off. The squad with the most stars wins the match!
- Heist (3v3): Protect your team’s safe and try to crack open your opponents’. Navigate the map to sneak, blast and blow your way clear to the enemies treasure.
- Special Events: Limited time special PvE and PvP game modes.

UNLOCK AND UPGRADE BRAWLERS
Collect and upgrade a variety of Brawlers with powerful Super abilities, Star Powers, Gadgets! and Gears! Level them up and collect unique skins!

BRAWL PASS
Complete quests, open Brawl Boxes, earn Gems, pins and an exclusive Brawl Pass skin! Fresh content every season!

BECOME THE STAR PLAYER
Climb the local and regional leaderboards to prove you’re the greatest Brawler of them all!

CONSTANTLY EVOLVING
Look out for new Brawlers, skins, maps, special events and games modes in the future!

PLEASE NOTE! Brawl Stars is free to download and play, however, some game items can also be purchased for real money. If you don’t want to use this feature, please disable in-app purchases in your device’s settings. Also, under our Terms of Service and Privacy Policy, you must be at least 9 years of age to play or download Brawl Stars.

Features:
- Team up for real-time 3v3 battles against players from across the world
- A fast-paced multiplayer battle royale mode made for mobile
- Unlock and collect new, powerful Brawlers - each with a signature attack and Super ability
- New events and game modes daily
- Battle solo or with friends
- Climb to the top of the leaderboards in global and local rankings
- Join or start your own Club with fellow players to share tips and battle together
- Customize Brawlers with unlockable skins
- Player-designed maps offer challenging new terrain to master

From the makers of Clash of Clans, Clash Royale and Boom Beach!

Support:
Contact us in-game via Settings, Help and Support — or visit http://supercell.helpshift.com/a/brawl-stars/

Privacy Policy:
http://supercell.com/en/privacy-policy/

Terms of Service:
http://supercell.com/en/terms-of-service/

Parent’s Guide:
http://supercell.com/en/parents/",2026-02-26T08:06:12Z,2026-02-26 08:06 UTC,WuwxkkSSeug,https://www.youtube.com/watch?v=WuwxkkSSeug,Brawl Stars,UCooVYzDxdwTtGYAkcPmOgOw,https://www.youtube.com/channel/UCooVYzDxdwTtGYAkcPmOgOw,"{""default"": ""https://i.ytimg.com/vi/WuwxkkSSeug/default.jpg"", ""medium"": ""https://i.ytimg.com/vi/WuwxkkSSeug/mqdefault.jpg"", ""high"": ""https://i.ytimg.com/vi/WuwxkkSSeug/hqdefault.jpg"", ""standard"": ""https://i.ytimg.com/vi/WuwxkkSSeug/sddefault.jpg"", ""maxres"": ""https://i.ytimg.com/vi/WuwxkkSSeug/maxresdefault.jpg""}",3942267.0,3.9M views,PT43S,0:43,0,0.02
2026-02-27,Savannah Dexter - Shot For You (Official Music Video),"Savannah Dexter - Shot For You (Official Music Video)
Stream/Download 'Shot For You' NOW: https://onerpm.link/shotforyou 

Subscribe to Savannah Dexter 
https://www.youtube.com/@SAVANNAHDEXTER 

Follow Savannah Dexter 
▶ Facebook: https://www.facebook.com/savannahdextermusic 
▶ Instagram: https://www.instagram.com/savannahdextermusic 
▶ TikTok: https://www.tiktok.com/@savannahdextermusic 

Video: Directedbyghost https://www.instagram.com/directedbyghost
Art Dept: G-Dub https://www.instagram.com/g_dub03
Producer: Koko https://www.instagram.com/kokoofbb
Engineer: KG https://www.instagram.com/prodbykg_
Recorded at: 212 Studios https://www.instagram.com/212recording
Written by: Savannah Dexter


LYRICS
I’m leaving your face in the rear view
There’s nothing left to save nothing left to lose
I know I’ve done all that I can do
But imma pour it up, and take a shot for you
I can see it all now it’s a clear view
There’s nothing left to save nothing left to lose
I know I’ve done all that I can do
But imma pour it up, and take a shot for ya

Keep playin games with my head
Why are you so contradicting
You know exactly what you did
So why you out here playing victim
Must’ve went and bumped ya head
Boy we ain’t in competition
Posed to be my ride or die
So why you out here switchin
Up on me, we both know that I I tried to leave
Honestly, you controlled every part of me
Cant escape, same old game stuck on repeat
Everything you fed me kept me on your leash
You told me I couldn’t do it
You told me yould put me through it
Told me yould ruin my name
Told me yould ruin my music
Fed me lies and you knew it
Fell for it I was stupid
I know that you’ll never change
Had all my love and you blew it
Oh what a shame what a shame what a shame
All the pain all the pain all the pain
Your shifting blame shifting blame shifting blame
You’re still the same what a shame

I’m leaving your face in the rear view
There’s nothing left to save nothing left to lose
I know I’ve done all that I can do
But imma pour it up, and take a shot for you
I can see it all now it’s a clear view
There’s nothing left to save nothing left to lose
I know I’ve done all that I can do
But imma pour it up, and take a shot for ya

Twisting up the stories you can’t seem to get em straight
Right hand on the Bible as you lie right to my face
Painting me the villain just so you can win your case
You know if I tell it all therell be no more debates
Behind the scenes manipulating but online you’re living righteous
You say I’m playing the victim while your exploiting your child
I can’t believe you have the nerve to even be in denial
I’ll never hide my tears again just to fake a smile
Idgaf if you ain’t fuck her
It don’t matter to me if you didnt touch her
Went behind my back what a disgraceful mf
This wasn’t the first time there was another

I’m leaving your face in my rear view
There’s nothing left to save nothing left to lose
I know I’ve done all that I can do
But imma pour it up, and take a shot for you
And I’m gonna make you regret it
Just remember I said it
I know you’re gonna regret it
Don’t forget it


#SavannahDexter #ShotForYou #Heartbreak",2026-02-26T21:00:07Z,2026-02-26 21:00 UTC,0qQNNAHztZA,https://www.youtube.com/watch?v=0qQNNAHztZA,SAVANNAH DEXTER,UCC_66Dd88p5EMqpR8Y4mUTw,https://www.youtube.com/channel/UCC_66Dd88p5EMqpR8Y4mUTw,"{""default"": ""https://i.ytimg.com/vi/0qQNNAHztZA/default.jpg"", ""medium"": ""https://i.ytimg.com/vi/0qQNNAHztZA/mqdefault.jpg"", ""high"": ""https://i.ytimg.com/vi/0qQNNAHztZA/hqdefault.jpg"", ""standard"": ""https://i.ytimg.com/vi/0qQNNAHztZA/sddefault.jpg"", ""maxres"": ""https://i.ytimg.com/vi/0qQNNAHztZA/maxresdefault.jpg""}",34340.0,34K views,PT3M4S,3:04,1,0.02
2026-02-27,Dynasty: The Murdochs | Official Trailer | Netflix,"Dynasty: The Murdochs offers an unprecedented look at one the world's most powerful families at a crossroads, as its scion, Rupert Murdoch, makes one last play to ensure his legacy at all costs. Drawing on thousands of pages of documents, emails, and text messages that have never before been seen on television, this limited series exposes the private machinations of a family torn apart by power, politics, and a desperate desire for their father’s love. While Rupert Murdoch has spent over 80 years building an empire that shapes governments and democracies, the series poses the ultimate question: Is a dynasty a family or a business?. For the Murdochs, the two have never been separate.

Watch on Netflix: https://www.netflix.com/title/81712689

About Netflix:
Netflix is one of the world’s leading entertainment services offering TV series, films, games and live programming across a wide variety of genres and languages. Members can play, pause and resume watching as much as they want, anytime, anywhere, and can change their plans at any time. 

Dynasty: The Murdochs | Official Trailer | Netflix
https://www.youtube.com/@Netflix",2026-02-26T16:30:00Z,2026-02-26 16:30 UTC,a4BaDLZjE2c,https://www.youtube.com/watch?v=a4BaDLZjE2c,Netflix,UCWOA1ZGywLbqmigxE4Qlvuw,https://www.youtube.com/channel/UCWOA1ZGywLbqmigxE4Qlvuw,"{""default"": ""https://i.ytimg.com/vi/a4BaDLZjE2c/default.jpg"", ""medium"": ""https://i.ytimg.com/vi/a4BaDLZjE2c/mqdefault.jpg"", ""high"": ""https://i.ytimg.com/vi/a4BaDLZjE2c/hqdefault.jpg"", ""standard"": ""https://i.ytimg.com/vi/a4BaDLZjE2c/sddefault.jpg"", ""maxres"": ""https://i.ytimg.com/vi/a4BaDLZjE2c/maxresdefault.jpg""}",63414.0,63K views,PT2M5S,2:05,0,0.02
2026-02-27,Thursday 2/26,"Get the Jynxzi charm HERE: https://subs.twitch.tv/jynxzi

Get the Jynxzi charm HERE: https://subs.twitch.tv/jynxzi

Get the Jynxzi charm HERE: https://subs.twitch.tv/jynxzi

---------------------------------------------------------------------------------------------------------------------------

(title)

---------------------------------------------------------------------------------------------------------------------------

G FUEL x JYNXZI 20% OFF: http://gfuel.ly/jynxzi Code: ""JYNXZI""

KONTROLFREEK x JYNXZI 12% off: https://glnk.io/Jynxzi Code: ""JYNXZI""",2026-02-27T03:46:39Z,2026-02-27 03:46 UTC,WmXdYD5-cO4,https://www.youtube.com/watch?v=WmXdYD5-cO4,Jynxzi,UCjiXtODGCCulmhwypZAWSag,https://www.youtube.com/channel/UCjiXtODGCCulmhwypZAWSag,"{""default"": ""https://i.ytimg.com/vi/WmXdYD5-cO4/default.jpg"", ""medium"": ""https://i.ytimg.com/vi/WmXdYD5-cO4/mqdefault.jpg"", ""high"": ""https://i.ytimg.com/vi/WmXdYD5-cO4/hqdefault.jpg"", ""standard"": ""https://i.ytimg.com/vi/WmXdYD5-cO4/sddefault.jpg"", ""maxres"": ""https://i.ytimg.com/vi/WmXdYD5-cO4/maxresdefault.jpg""}",485754.0,486K views,PT6H32M37S,6:32:37,0,0.02
2026-02-27,Vicente Fernández - Un Millón de Primaveras // Letra,"🍒 CherryLady 🍒
Bienvenid@ a un viaje directo a la nostalgia ✨
Si amás la música con historia, el estilo retro y esa sensación de “antes todo era distinto”, este canal es para vos.
👉 Seguime para no perderte ningún video

🎶 Vicente Fernández - Un Millón de Primaveras // Letra

🎤 Vicente Fernández:
📌 https://www.youtube.com/channel/UCwPTC2n6D8asyi1G5uBZlpw?feature=gws_kp_artist&feature=gws_kp_artist
📌 https://music.apple.com/ar/artist/vicente-fern%C3%A1ndez/6742830
📌 https://open.spotify.com/artist/4PPoI9LuYeFX8V674Z1R6l?autoplay=true
🔔 Activá la campanita para no perderte ningún estreno.
Letra:
Te molesta si te hablo de mi amor
Y me pides ""por favor, olvida el tema""
Y que cambie la letra de mis canciones
Y tu nombre quite ya de aquel poema
Te molesta, aguanta, por favor
Te lo juro, estoy a punto de olvidarte
Solo falta un millón de primaveras
Unos cuantos siglos solo he de adorarte
Solo falta un millón de primaveras
Después de eso, ya no vuelvo a molestarte
Oh, no
No volveré a cantarte
Si te molesta
Si te molesta
Te molesta el perro que ladró
De alegría, anunciando tu llegada
Y me dices que ese perro está loco
Que le ladra a la persona equivocada
Yo te digo, por favor, aguanta un poco
Ten paciencia, no le des otra pedrada
Oh, no
No volverá a ladrarte
Si te molesta
Si te molesta
Solo falta un millón de primaveras
Unos cuantos siglos solo he de adorarte
Solo falta un millón de primaveras
Después de eso, ya no vuelvo a molestarte
Oh, no
No volveré a cantarte
Si te molesta
Si te molesta
Si te molesta
Si te molesta
#RetroAesthetic #MusicaRetro #NostalgiaMusical #RetroVibes #VintageMusic
#Clasicos #Oldies #Throwback #RetroPop
#MusicLovers #PlaylistRetro #Nostalgia",2026-02-19T22:00:17Z,2026-02-19 22:00 UTC,CBOXGb-lXnE,https://www.youtube.com/watch?v=CBOXGb-lXnE,Cherry Lady,UCVgtvKu2_4FZQzTVn-DiIDw,https://www.youtube.com/channel/UCVgtvKu2_4FZQzTVn-DiIDw,"{""default"": ""https://i.ytimg.com/vi/CBOXGb-lXnE/default.jpg"", ""medium"": ""https://i.ytimg.com/vi/CBOXGb-lXnE/mqdefault.jpg"", ""high"": ""https://i.ytimg.com/vi/CBOXGb-lXnE/hqdefault.jpg"", ""standard"": ""https://i.ytimg.com/vi/CBOXGb-lXnE/sddefault.jpg"", ""maxres"": ""https://i.ytimg.com/vi/CBOXGb-lXnE/maxresdefault.jpg""}",182940.0,183K views,PT2M53S,2:53,0,0.02
2026-02-27,Mortal Kombat II | Official Trailer 2 REACTION!!,"Eric, Rick, Calvin, and Aaron react to and discuss the Mortal Kombat II | Official Trailer 2 - #MortalKombat #MortalKombatII

ORIGINAL VIDEO 1: https://youtu.be/b24oG7qCwp4?si=wxZRN3Xfl80z6qfm

Enjoy Blind Wave's daily content? GO BEYOND with Blind Wave BEYOND at https://blindwave.com where you can watch Full Length and 4 WEEKS Early Access!!

Check out other Blind Wave YouTube Channels:
Blind Wave Gaming https://www.youtube.com/@BlindWaveGaming
Star Wars: Wave Squadron: https://www.youtube.com/@WaveSquadron
Pokemality https://www.youtube.com/@Pokemality
Role with the Punches https://www.youtube.com/@RWTPunches

00:00 - Intro
00:12 - Trailer Reaction
02:40 - The previous films
03:00 - Visually looks great 
03:15 - So many characters
03:40 - Shao Kahn
04:45 - Previous reactions
05:20 - Outro

Website http://www.blindwave.com
Twitch: http://www.twitch.tv/blindwave
Twitter : http://www.twitter.com/blindwavecrew
TikTok: http://www.tiktok.com/@blindwavecrew
Instagram: https://www.instagram.com/blindwave
Discord:  https://discord.gg/blindwave
Send us Stuff at: P.O. Box 304 Marietta, OH 45750",2026-02-27T00:17:31Z,2026-02-27 00:17 UTC,AwE630f6ODk,https://www.youtube.com/watch?v=AwE630f6ODk,Blind Wave,UCs1APU4_lj3PgZz2B4HeadA,https://www.youtube.com/channel/UCs1APU4_lj3PgZz2B4HeadA,"{""default"": ""https://i.ytimg.com/vi/AwE630f6ODk/default.jpg"", ""medium"": ""https://i.ytimg.com/vi/AwE630f6ODk/mqdefault.jpg"", ""high"": ""https://i.ytimg.com/vi/AwE630f6ODk/hqdefault.jpg"", ""standard"": ""https://i.ytimg.com/vi/AwE630f6ODk/sddefault.jpg"", ""maxres"": ""https://i.ytimg.com/vi/AwE630f6ODk/maxresdefault.jpg""}",17207.0,17K views,PT5M43S,5:43,0,0.02
2026-02-27,🔴LIVE | RV THERE YET NEW MAP w/ Cloakzy & Gingy & Officer,,2026-02-26T09:00:08Z,2026-02-26 09:00 UTC,e0ii_btaNWs,https://www.youtube.com/watch?v=e0ii_btaNWs,TheBurntPeanut,UCMNEVbszv8ZyvSXoTn3yhpQ,https://www.youtube.com/channel/UCMNEVbszv8ZyvSXoTn3yhpQ,"{""default"": ""https://i.ytimg.com/vi/e0ii_btaNWs/default.jpg"", ""medium"": ""https://i.ytimg.com/vi/e0ii_btaNWs/mqdefault.jpg"", ""high"": ""https://i.ytimg.com/vi/e0ii_btaNWs/hqdefault.jpg"", ""standard"": ""https://i.ytimg.com/vi/e0ii_btaNWs/sddefault.jpg"", ""maxres"": ""https://i.ytimg.com/vi/e0ii_btaNWs/maxresdefault.jpg""}",1109737.0,1.1M views,PT7H3M48S,7:03:48,0,0.02
2026-02-27,THF Gbaby - SCOOM PT. 2 (Official Music Video),"🔔 Subscribe to @THFGbaby
Shot by @JerryPHD 

Connect with THF Gbaby: 
Instagram: https://instagram.com/thf__gbaby_46
TikTok: https://tiktok.com/@thfgbaby
Facebook: https://facebook.com/thf.gbaby.2025

#newmusic #thfgbaby #hiphop",2026-02-26T20:00:11Z,2026-02-26 20:00 UTC,Gce0gaQkhMs,https://www.youtube.com/watch?v=Gce0gaQkhMs,THFGbaby,UCtaE0TU-mvjJyjVxhzy0WXQ,https://www.youtube.com/channel/UCtaE0TU-mvjJyjVxhzy0WXQ,"{""default"": ""https://i.ytimg.com/vi/Gce0gaQkhMs/default.jpg"", ""medium"": ""https://i.ytimg.com/vi/Gce0gaQkhMs/mqdefault.jpg"", ""high"": ""https://i.ytimg.com/vi/Gce0gaQkhMs/hqdefault.jpg"", ""standard"": ""https://i.ytimg.com/vi/Gce0gaQkhMs/sddefault.jpg"", ""maxres"": ""https://i.ytimg.com/vi/Gce0gaQkhMs/maxresdefault.jpg""}",28538.0,29K views,PT2M4S,2:04,0,0.02
2026-02-27,The Comeback Season 3 | Official Trailer | HBO Max,"Valerie Cherish? Check.

The third and final season of #TheComeback returns March 22 on HBO Max.

About HBO Max:
HBO Max is the premier global streaming platform from Warner Bros. Discovery that delivers the most unique and captivating stories, ranging from the highest quality in scripted programming, movies, documentaries, true crime, adult animation, and live sports and news (where available). HBO Max is the destination for prestigious entertainment brands such as HBO, Warner Bros., Max Originals, DC, Harry Potter, as well as iconic shows like “Friends” and “The Big Bang Theory,” all in one place.

GET HBO MAX
https://hbomax.com/

FOLLOW HBO MAX
Follow HBO Max on YouTube: https://hbom.ax/YouTube
Follow HBO Max on Instagram: https://hbom.ax/Instagram
Follow HBO Max on TikTok: https://hbom.ax/Tiktok
Follow HBO Max on Twitter: https://hbom.ax/x
Follow HBO Max on Facebook: https://hbom.ax/Facebook",2026-02-26T18:00:11Z,2026-02-26 18:00 UTC,p1rVpVCNBgE,https://www.youtube.com/watch?v=p1rVpVCNBgE,HBO Max,UCx-KWLTKlB83hDI6UKECtJQ,https://www.youtube.com/channel/UCx-KWLTKlB83hDI6UKECtJQ,"{""default"": ""https://i.ytimg.com/vi/p1rVpVCNBgE/default.jpg"", ""medium"": ""https://i.ytimg.com/vi/p1rVpVCNBgE/mqdefault.jpg"", ""high"": ""https://i.ytimg.com/vi/p1rVpVCNBgE/hqdefault.jpg"", ""standard"": ""https://i.ytimg.com/vi/p1rVpVCNBgE/sddefault.jpg"", ""maxres"": ""https://i.ytimg.com/vi/p1rVpVCNBgE/maxresdefault.jpg""}",36340.0,36K views,PT1M40S,1:40,0,0.02
2026-02-27,TNA iMPACT!,The Hardys & The Righteous collide with The System in a blockbuster showdown; Mike Santana & Leon Slater battle the Nemeths; Mickie James goes face-to-face with Ash By Elegance in the iMPACT Zone!,2026-02-13T01:07:46Z,2026-02-13 01:07 UTC,4jCkutQJmeo,https://www.youtube.com/watch?v=4jCkutQJmeo,AMC,UCbjVsshw_-h8ZRQBYAacA2Q,https://www.youtube.com/channel/UCbjVsshw_-h8ZRQBYAacA2Q,"{""default"": ""https://i.ytimg.com/vi/4jCkutQJmeo/default.jpg"", ""medium"": ""https://i.ytimg.com/vi/4jCkutQJmeo/mqdefault.jpg"", ""high"": ""https://i.ytimg.com/vi/4jCkutQJmeo/hqdefault.jpg""}",,,P0D,0:00,0,0.02
2026-02-27,VonOff 1700 - I Tried ft BigOpp (Official Video),"Follow on Socials ‼️
Instagram - https://www.instagram.com/vonnoff1700tg?igsh=NTc4MTIwNjQ2YQ==
TikTok - https://www.tiktok.com/@vonnoff1700tg

'4Eva Tossing Fa The Gang' Out Now!
Listen here - https://vonoff1700.lnk.to/4EvaTossingFaThaGang

#vonoff1700 #4EvaTossingFaTheGang  #chicago",2026-02-26T01:00:00Z,2026-02-26 01:00 UTC,5Q_sCOFwC5g,https://www.youtube.com/watch?v=5Q_sCOFwC5g,VonOff1700,UC023sB-A8vI7F3ByKMF9BGA,https://www.youtube.com/channel/UC023sB-A8vI7F3ByKMF9BGA,"{""default"": ""https://i.ytimg.com/vi/5Q_sCOFwC5g/default.jpg"", ""medium"": ""https://i.ytimg.com/vi/5Q_sCOFwC5g/mqdefault.jpg"", ""high"": ""https://i.ytimg.com/vi/5Q_sCOFwC5g/hqdefault.jpg"", ""standard"": ""https://i.ytimg.com/vi/5Q_sCOFwC5g/sddefault.jpg"", ""maxres"": ""https://i.ytimg.com/vi/5Q_sCOFwC5g/maxresdefault.jpg""}",123250.0,123K views,PT2M32S,2:32,0,0.02
2026-02-27,"Gorillaz - The Mountain, The Moon Cave and The Sad God (Trailer 2)","The Mountain, The Moon Cave and The Sad God. Premieres 4pm GMT, Friday 27th February.",2026-02-25T16:15:04Z,2026-02-25 16:15 UTC,EpYekgwNFjc,https://www.youtube.com/watch?v=EpYekgwNFjc,Gorillaz,UCfIXdjDQH9Fau7y99_Orpjw,https://www.youtube.com/channel/UCfIXdjDQH9Fau7y99_Orpjw,"{""default"": ""https://i.ytimg.com/vi/EpYekgwNFjc/default.jpg"", ""medium"": ""https://i.ytimg.com/vi/EpYekgwNFjc/mqdefault.jpg"", ""high"": ""https://i.ytimg.com/vi/EpYekgwNFjc/hqdefault.jpg"", ""standard"": ""https://i.ytimg.com/vi/EpYekgwNFjc/sddefault.jpg"", ""maxres"": ""https://i.ytimg.com/vi/EpYekgwNFjc/maxresdefault.jpg""}",276598.0,277K views,PT45S,0:45,0,0.02
2026-02-27,RESIDENT EVIL REQUIEM Walkthrough Gameplay Part 1 - INTRO (FULL GAME),"Learn more about DLSS 4 with Multi Frame Generation in Resident Evil Requiem here: https://www.nvidia.com/en-us/geforce/campaigns/resident-evil-requiem-geforce-rtx-50-series-bundle/
Thanks Nvidia GeForce for sponsoring this Resident Evil Requiem Gameplay! #RTXON

Resident Evil Requiem Walkthrough Gameplay Part 1 includes a Full Game Review and Full Gameplay on PlayStation 5 Pro (PS5 Pro), Xbox Series X/S, Nintendo Switch 2 and PC (Steam). This Resident Evil Requiem (Resident Evil 9) Gameplay Walkthrough will include a Review, Reaction, Prologue (Opening), Third Person, First Person, Characters (Leon S. Kennedy, Grace Ashcroft, Victor Gideon), Locations (Wrenwood, Care Center, RPD, ARK), Secrets (Mr. Raccoon, BSAA, Files), All Bosses, All Endings, Cinematics, Cut Scenes, OST and the Full Story until the Ending. 

Thanks to Capcom for providing me with the Resident Evil Requiem Deluxe Edition.

Membership: https://www.youtube.com/channel/UCpqXJOEqGS-TCnazcHCo0rA/join
Subscribe: http://www.youtube.com/subscription_center?add_user=theradbrad
Twitter: http://twitter.com/thaRadBrad
Facebook: http://www.facebook.com/theRadBrad

Resident Evil Requiem a survival horror game developed and published by Capcom. It is the ninth main game in the Resident Evil series and features a new protagonist, Grace Ashcroft, who investigates Raccoon City with the help of Leon S. Kennedy. 

Release Date: February 27, 2026

#ResidentEvilRequiem #ResidentEvil #RE9",2026-02-26T11:00:43Z,2026-02-26 11:00 UTC,OfUFOn_hN1w,https://www.youtube.com/watch?v=OfUFOn_hN1w,theRadBrad,UCpqXJOEqGS-TCnazcHCo0rA,https://www.youtube.com/channel/UCpqXJOEqGS-TCnazcHCo0rA,"{""default"": ""https://i.ytimg.com/vi/OfUFOn_hN1w/default.jpg"", ""medium"": ""https://i.ytimg.com/vi/OfUFOn_hN1w/mqdefault.jpg"", ""high"": ""https://i.ytimg.com/vi/OfUFOn_hN1w/hqdefault.jpg"", ""standard"": ""https://i.ytimg.com/vi/OfUFOn_hN1w/sddefault.jpg"", ""maxres"": ""https://i.ytimg.com/vi/OfUFOn_hN1w/maxresdefault.jpg""}",522194.0,522K views,PT1H30M19S,1:30:19,0,0.02
2026-02-27,"Tempo - L.V.M.M. ❌ Nach Scratch, Rochy RD, Fariana,  Lito MC Cassidy, Ñengo Flow, C-Kan, El B ","#Tempo #L.V.M.M
🎧Escucha mi musica en plataformas aquí: http://sl.onerpm.com/tempo
▶️Suscribete al canal:  @yosoytempo  

Sigue a Tempo en Redes Sociales:
- Facebook: https://www.facebook.com/elrealtempo
- X: https://twitter.com/yosoytempo
- Instagram: https://www.instagram.com/elrealtempo
-Tik Tok: https://www.tiktok.com/@yosoytempo",2026-02-27T02:00:06Z,2026-02-27 02:00 UTC,9fOd-HHJc9w,https://www.youtube.com/watch?v=9fOd-HHJc9w,Tempo,UC0SYAB5AaDMeEQs11FbVzUA,https://www.youtube.com/channel/UC0SYAB5AaDMeEQs11FbVzUA,"{""default"": ""https://i.ytimg.com/vi/9fOd-HHJc9w/default.jpg"", ""medium"": ""https://i.ytimg.com/vi/9fOd-HHJc9w/mqdefault.jpg"", ""high"": ""https://i.ytimg.com/vi/9fOd-HHJc9w/hqdefault.jpg"", ""standard"": ""https://i.ytimg.com/vi/9fOd-HHJc9w/sddefault.jpg"", ""maxres"": ""https://i.ytimg.com/vi/9fOd-HHJc9w/maxresdefault.jpg""}",29694.0,30K views,PT8M12S,8:12,0,0.02
2026-02-27,Pure Vanilla Cookie VS Shadow Milk Cookie 💥| Hot Eats Arena with CookieRun: Kingdom,"Pure Vanilla Cookie and Shadow Milk Cookie are well known throughout the Cookie Kingdom for their clashing ideals. 

Today, they face each other in Hot Eats Arena! They must tell the truth or suffer the spice of the Last Tap! The Cookie who eats the most spicy jellies loses. Which Cookie will take home the trophy? 

DISCLAIMER: The views expressed in this video exist solely in the context to the video itself alone and are not canon.

Subscribe for more behind-the-scenes look on the Baking of CookieRun: Kingdom: https://bit.ly/subscribeCRK-YT 

Download CookieRun: Kingdom Now 👉 https://bit.ly/Kingdom-YT 

#CookieRun #CookieRunKingdom #PureVanillaCookie #ShadowMilkCookie",2026-02-26T21:00:06Z,2026-02-26 21:00 UTC,Du5f1cyGpSE,https://www.youtube.com/watch?v=Du5f1cyGpSE,CookieRun: Kingdom,UCDhz7pDsmSL-5TjuB3zmlWQ,https://www.youtube.com/channel/UCDhz7pDsmSL-5TjuB3zmlWQ,"{""default"": ""https://i.ytimg.com/vi/Du5f1cyGpSE/default.jpg"", ""medium"": ""https://i.ytimg.com/vi/Du5f1cyGpSE/mqdefault.jpg"", ""high"": ""https://i.ytimg.com/vi/Du5f1cyGpSE/hqdefault.jpg"", ""standard"": ""https://i.ytimg.com/vi/Du5f1cyGpSE/sddefault.jpg"", ""maxres"": ""https://i.ytimg.com/vi/Du5f1cyGpSE/maxresdefault.jpg""}",182672.0,183K views,PT16M35S,16:35,0,0.02
2026-02-27,KRIS R ❌ ROA - PASIÓN Y S3XO 💦 (VIDEO OFICIAL),"KRIS R ❌ ROA - PASIÓN Y S3XO 💦 (VIDEO OFICIAL)
Dale LIKE 👍 y comenta tu barra favorita 👇
Suscríbete para más contenido exclusivo ➕

Sígueme en Instagram 👶🏻💰
https://www.instagram.com/krisrofficial/

#KrisR #ROA #LaK

Letra Pasion y Kris R y ROA


Official Music Video by Kris R, ROA performing “Pasión"" (C) La K Company USA 2026",2026-02-27T00:00:07Z,2026-02-27 00:00 UTC,4mMiTPlGoWw,https://www.youtube.com/watch?v=4mMiTPlGoWw,Kris R.,UCRfKDfw9XjSLHTBd8hokHig,https://www.youtube.com/channel/UCRfKDfw9XjSLHTBd8hokHig,"{""default"": ""https://i.ytimg.com/vi/4mMiTPlGoWw/default.jpg"", ""medium"": ""https://i.ytimg.com/vi/4mMiTPlGoWw/mqdefault.jpg"", ""high"": ""https://i.ytimg.com/vi/4mMiTPlGoWw/hqdefault.jpg"", ""standard"": ""https://i.ytimg.com/vi/4mMiTPlGoWw/sddefault.jpg"", ""maxres"": ""https://i.ytimg.com/vi/4mMiTPlGoWw/maxresdefault.jpg""}",106362.0,106K views,PT3M35S,3:35,0,0.02
2026-02-27,Mobs Are Supercharged in Minecraft,"We add SUPER CHARGED Mobs in this Minecraft mini game

Friends in the Video
⭑ @MisterCrainer 
⭑ @ItzClaz 
⭑ @PatP_ 

• Video Editor ► @championbran 
https://www.youtube.com/ChampionBran

• Discord: https://discord.gg/ssundee

​​• Music by Ninety9 ► LivesTobu - Such Fun
Video Link: https://www.youtube.com/watch?v=d3Oc26AFDdU
Channel: https://99l.tv/Subscribe
Download the album! https://99l.tv/Levelup-i

#gaming #ssundee #minecraft 

Thanks for watching!",2026-02-26T22:00:18Z,2026-02-26 22:00 UTC,CjnC8EoxL8A,https://www.youtube.com/watch?v=CjnC8EoxL8A,SSundee,UCke6I9N4KfC968-yRcd5YRg,https://www.youtube.com/channel/UCke6I9N4KfC968-yRcd5YRg,"{""default"": ""https://i.ytimg.com/vi/CjnC8EoxL8A/default.jpg"", ""medium"": ""https://i.ytimg.com/vi/CjnC8EoxL8A/mqdefault.jpg"", ""high"": ""https://i.ytimg.com/vi/CjnC8EoxL8A/hqdefault.jpg"", ""standard"": ""https://i.ytimg.com/vi/CjnC8EoxL8A/sddefault.jpg"", ""maxres"": ""https://i.ytimg.com/vi/CjnC8EoxL8A/maxresdefault.jpg""}",134150.0,134K views,PT24M1S,24:01,0,0.02
2026-02-27,Alex Warren - FEVER DREAM (Lyrics),"⛄The soundtrack to your winter. 
subscribe to listen to more good music: https://www.youtube.com/@winter_melodies?sub_confirmation=1

❄️Alex Warren - FEVER DREAM - Lyrics:
SOON

#alexwarren #feverdream #pop #newrealese #hitsong #lyrics",2026-02-27T00:05:02Z,2026-02-27 00:05 UTC,kOj3L4BPjm0,https://www.youtube.com/watch?v=kOj3L4BPjm0,winter sounds,UCvXszRyg8TC1vAzH8V7q-ag,https://www.youtube.com/channel/UCvXszRyg8TC1vAzH8V7q-ag,"{""default"": ""https://i.ytimg.com/vi/kOj3L4BPjm0/default.jpg"", ""medium"": ""https://i.ytimg.com/vi/kOj3L4BPjm0/mqdefault.jpg"", ""high"": ""https://i.ytimg.com/vi/kOj3L4BPjm0/hqdefault.jpg"", ""standard"": ""https://i.ytimg.com/vi/kOj3L4BPjm0/sddefault.jpg"", ""maxres"": ""https://i.ytimg.com/vi/kOj3L4BPjm0/maxresdefault.jpg""}",14898.0,15K views,PT2M34S,2:34,0,0.02
2026-02-27,Aphmau Plays KISS or KILL!,"How would YOU get a kiss~?

💜 Come take a look at my merch! 💜 https://aphmeow.com/
★ Check out my Minecraft Marketplace! ★ https://www.minecraft.net/en-us/marketplace/creator/catface
► Instagram: https://www.instagram.com/aphmau_ 

====. * ･ ｡ﾟ☆ [Friends!] ☆｡ﾟ･* .====
★ Aaron: Jason Bravura
★ Zane: Kestin Howard
★ KC: MegaMoeka
★ Kim: Corinne Sudberg
★ Ein: Chris Escalante 
★ Garroth: Andy Cowley
★ Blaze: Jason Lord

NOT an official Minecraft Product. Not approved by or associated with Mojang or Microsoft.

#Minecraft #Aphmau",2026-02-26T20:46:30Z,2026-02-26 20:46 UTC,_GOOQaGPZf0,https://www.youtube.com/watch?v=_GOOQaGPZf0,Aphmau,UCzYfz8uibvnB7Yc1LjePi4g,https://www.youtube.com/channel/UCzYfz8uibvnB7Yc1LjePi4g,"{""default"": ""https://i.ytimg.com/vi/_GOOQaGPZf0/default.jpg"", ""medium"": ""https://i.ytimg.com/vi/_GOOQaGPZf0/mqdefault.jpg"", ""high"": ""https://i.ytimg.com/vi/_GOOQaGPZf0/hqdefault.jpg"", ""standard"": ""https://i.ytimg.com/vi/_GOOQaGPZf0/sddefault.jpg"", ""maxres"": ""https://i.ytimg.com/vi/_GOOQaGPZf0/maxresdefault.jpg""}",191257.0,191K views,PT19M12S,19:12,0,0.02
2026-02-27,PinkPantheress - Stateside (Lyrics) ft. Zara Larsson,"🍕PinkPantheress - Stateside (Lyrics) ft. Zara Larsson

🍕Lyrics:

[Intro]
I'm freezing outside, I feel my skin tight
My coat is inside, but I look up at you
I tracked your plane ride for when you're in tonight
Tell me, when is the next time I'll run into you? (Oh)

[Verse]
It sounds insane, right? (Uh-huh)
I'll take the same flight (Mm, uh-huh)
Wait at your bedside (Uh-huh)
I'll land right next to you (Mm, uh-huh)
I'm going stateside (Uh-huh)
Where I'll see you tonight (Mm, uh-huh)
Tell me, how did a girl like me get into you? (Yeah, oh)

[Chorus]
You could be my American, ha, ha, ha, ha
(You could be my American, ha, ha, ha, ha)

[Post-Chorus]
Is it right? I don't know
Yet you're taking my control
Never been abroad before
Now I'm knocking through your door
But you're nice, so I'll stay
Nеver met a British girl, you say?
No one trеats me this way
Are all boys out here the same?

[Chorus]
What can I say? (Uh-huh) What can I do? (Uh-huh)
I'm tryna be the girl that you're talking to (Uh, uh-huh)
And maybe you could be my American ha, ha boy
He could be my American ha, ha boy
Why can't you say that you want it too? (Uh-huh, uh-huh)
I'm flying intercontinental with you (You)
And maybe you can be my American ha, ha boy
You can be my American, ha, ha

[Bridge]
I'm freezing outside, I feel my skin tight
My coat is inside, but I look up at you (You)
I tracked your plane ride for when you're—
Tell me, when is the next time I'll run into you?

[Chorus]
You can be my American ha, ha boy
You can be my American ha, ha boy
Why can't you say that you want it too? (Uh-huh, uh-huh)
I'm flying intercontinental with you (You)
And maybe you can be my American ha, ha boy
You can be my American ha, ha

[Post-Chorus]
Is it right? I don't know
Yet you're taking my control
Never been abroad before
Now I'm knocking through your door
But you're nice, so I'll stay
Never met a British girl, you say?
No one treats me this way
Are all boys out here the same?

[Verse 2: Zara Larsson]
All those years I put in for the American Dream
Is it worth all the work if you can't be here with me? (Me)
'Cause I fly Stockholm to LA
In my feelings on the plane
Worries fade away (Fade away)
When I hit the stage
I've been touring stateside
Kissing my Swedish boy over FaceTime
Who knew, opening up would make me a headline?
Boots, that's my ego boost
Schedule ain't been loose for a minute
Yeah, I'm that girl, I've been it (Ah-ah, ah-ah, ah-ah, ah-ah, ah-ah, ah-ah, ah)",2026-02-25T18:51:31Z,2026-02-25 18:51 UTC,lrNVghX0wcI,https://www.youtube.com/watch?v=lrNVghX0wcI,Pizza Music,UCa2Nr1Qm93k07VuwEXCnrog,https://www.youtube.com/channel/UCa2Nr1Qm93k07VuwEXCnrog,"{""default"": ""https://i.ytimg.com/vi/lrNVghX0wcI/default.jpg"", ""medium"": ""https://i.ytimg.com/vi/lrNVghX0wcI/mqdefault.jpg"", ""high"": ""https://i.ytimg.com/vi/lrNVghX0wcI/hqdefault.jpg"", ""standard"": ""https://i.ytimg.com/vi/lrNVghX0wcI/sddefault.jpg"", ""maxres"": ""https://i.ytimg.com/vi/lrNVghX0wcI/maxresdefault.jpg""}",136271.0,136K views,PT3M5S,3:05,0,0.02
2026-02-27,We Changed Our Roblox Avatars Forever…,"Join My Roblox Group!
https://www.roblox.com/groups/33043362/The-Techy-ARMY#!/about

Socials: https://solo.to/techys

#Roblox",2026-02-26T21:15:00Z,2026-02-26 21:15 UTC,1JA3NQpa4iI,https://www.youtube.com/watch?v=1JA3NQpa4iI,Techy Plays,UCNDzLI-hyihpAx3zKtwhGZw,https://www.youtube.com/channel/UCNDzLI-hyihpAx3zKtwhGZw,"{""default"": ""https://i.ytimg.com/vi/1JA3NQpa4iI/default.jpg"", ""medium"": ""https://i.ytimg.com/vi/1JA3NQpa4iI/mqdefault.jpg"", ""high"": ""https://i.ytimg.com/vi/1JA3NQpa4iI/hqdefault.jpg"", ""standard"": ""https://i.ytimg.com/vi/1JA3NQpa4iI/sddefault.jpg"", ""maxres"": ""https://i.ytimg.com/vi/1JA3NQpa4iI/maxresdefault.jpg""}",154940.0,155K views,PT10M24S,10:24,0,0.02
2026-02-27,BabyDrill- Knocked Off (Official Music Video),"Stream BabyDrill's Single 'Knocked Off' Here:
BabyDrill.lnk.to/knockedoff

Directed By YungTacc 

Follow BabyDrill Here:  
https://www.instagram.com/babydrill/
https://www.tiktok.com/@babydrill_4l
https://x.com/BabyDrill4L  
https://www.facebook.com/babydrill4l
https://soundcloud.com/babydrill4l",2026-02-25T20:05:26Z,2026-02-25 20:05 UTC,BzTEykaT93U,https://www.youtube.com/watch?v=BzTEykaT93U,BabyDrill,UCuBt_SxWNqkgdkpBMJ_3cSg,https://www.youtube.com/channel/UCuBt_SxWNqkgdkpBMJ_3cSg,"{""default"": ""https://i.ytimg.com/vi/BzTEykaT93U/default.jpg"", ""medium"": ""https://i.ytimg.com/vi/BzTEykaT93U/mqdefault.jpg"", ""high"": ""https://i.ytimg.com/vi/BzTEykaT93U/hqdefault.jpg"", ""standard"": ""https://i.ytimg.com/vi/BzTEykaT93U/sddefault.jpg"", ""maxres"": ""https://i.ytimg.com/vi/BzTEykaT93U/maxresdefault.jpg""}",93319.0,93K views,PT2M28S,2:28,0,0.02
2026-02-27,TIMTHETATMAN PLAYS MARATHON (DAY 1 SERVER SLAM),"🚨NEW MERCH STORE IS HERE!: https://timthetatman.com/merch 

💪 BECOME A MEMBER OF THE STREAM - https://youtube.com/timthetatman/join

💰 DONATE: https://streamelements.com/timthetatman/tip

👉 JOIN THE DISCORD: https://discord.gg/timthetatman 

🎥 More TimTheTatman: https://youtube.com/MoreTimTheTatman
🎥 TimTheTatman Two: https://youtube.com/TimTheTatmanTwo
🎥 TimTheTatman VODs: https://youtube.com/TimTheTatmanVODs
🎥 TimTheTatman Shorts: https://youtube.com/TimTheTatmanShorts

▶️GET CONNECTED:
💻Website | https://timthetatman.com
🐦Twitter | https://twitter.com/timthetatman
📷Instagram | https://www.instagram.com/timthetatman/
📱TikTok  | https://tiktok.com/@timthetatman",2026-02-27T00:21:37Z,2026-02-27 00:21 UTC,WaG4MKugTxg,https://www.youtube.com/watch?v=WaG4MKugTxg,TimTheTatman,UCXBE_QQSZueB8082ml5fslg,https://www.youtube.com/channel/UCXBE_QQSZueB8082ml5fslg,"{""default"": ""https://i.ytimg.com/vi/WaG4MKugTxg/default.jpg"", ""medium"": ""https://i.ytimg.com/vi/WaG4MKugTxg/mqdefault.jpg"", ""high"": ""https://i.ytimg.com/vi/WaG4MKugTxg/hqdefault.jpg"", ""standard"": ""https://i.ytimg.com/vi/WaG4MKugTxg/sddefault.jpg"", ""maxres"": ""https://i.ytimg.com/vi/WaG4MKugTxg/maxresdefault.jpg""}",225481.0,225K views,PT6H49M35S,6:49:35,0,0.02
2026-02-27,Maná - Mariposa Traicionera (Letra),"¡Gracias por ver el video!
 Si te gustó dale like y no olvides suscribirte.y compartirlo con tus amigos ¡Nos ayudas muchisismo! 

 [Verso 1]
Eres como una mariposa
Vuelas y te posas, vas de boca en boca
Fácil y ligera de quien te provoca
Yo soy ratón de tu ratonera
Trampa que no mata, pero no libera
Vivo muriendo prisionero

[Pre-Coro]
Mariposa traicionera
Todo se lo lleva el viento
Mariposa, no regreso

[Coro]
Ay, mariposa de amor, mi mariposa de amor
Ya no regreso contigo
Ay, mariposa de amor, mi mariposa de amor
Nunca jamás junto a ti

[Post-Coro]
Vuela amor, vuela dolor
Y no regreses a un lado
Ya vete de flor en flor
Seduciendo a los pistilos
Y vuela cerca del sol
Pa' que sientas lo que es dolor

[Verso 2]
Ay, mujer como haces daño
Pasan los minutos cual si fueran años
Mira estos celos, me están matando
Ay, mujer, que fácil eres
Abres tus alitas, muslos de colores
Donde se posan tus amores

[Pre-Coro]
Mariposa traicionera
Todo se lo lleva el viento
Mariposa no regreso

[Coro]
Ay, mariposa de amor, mi mariposa de amor
Ya no regreso contigo
Ay, mariposa de amor, mi mariposa de amor
Nunca jamás junto a ti

[Post-Coro]
Vuela amor, vuela dolor
Que tengas suerte en tu vida

[Outro]
Ay, ay, ay, ay, ay, dolor
Yo te lloré todo un río
Ay, ay, ay, ay, ay, amor
Tú te me vas a volar

#Mana #MariposaTraicionera #RevolucionDeAmorAlbum
#rock #poplatino #latin #latinpop #latinrock #Music #Pop #PopMusic #Baladas #Romanticas #latinmusic #Lufenix",2026-02-25T23:00:06Z,2026-02-25 23:00 UTC,r-B_xM_VBI0,https://www.youtube.com/watch?v=r-B_xM_VBI0,Lufenix,UCHiKs3Iq5rGPC-UmQtjIsvQ,https://www.youtube.com/channel/UCHiKs3Iq5rGPC-UmQtjIsvQ,"{""default"": ""https://i.ytimg.com/vi/r-B_xM_VBI0/default.jpg"", ""medium"": ""https://i.ytimg.com/vi/r-B_xM_VBI0/mqdefault.jpg"", ""high"": ""https://i.ytimg.com/vi/r-B_xM_VBI0/hqdefault.jpg"", ""standard"": ""https://i.ytimg.com/vi/r-B_xM_VBI0/sddefault.jpg"", ""maxres"": ""https://i.ytimg.com/vi/r-B_xM_VBI0/maxresdefault.jpg""}",129604.0,130K views,PT4M32S,4:32,0,0.02
2026-02-27,ROBLOX SLIDE FOR BRAINROTS...,"Join My Roblox Group!
https://www.roblox.com/groups/33043362/The-Techy-ARMY#!/about

Socials: https://solo.to/techys

#Roblox",2026-02-26T17:00:34Z,2026-02-26 17:00 UTC,G_gI4lm55N0,https://www.youtube.com/watch?v=G_gI4lm55N0,More Techy,UCzlUw75H5ILJ2l_ackxyI6A,https://www.youtube.com/channel/UCzlUw75H5ILJ2l_ackxyI6A,"{""default"": ""https://i.ytimg.com/vi/G_gI4lm55N0/default.jpg"", ""medium"": ""https://i.ytimg.com/vi/G_gI4lm55N0/mqdefault.jpg"", ""high"": ""https://i.ytimg.com/vi/G_gI4lm55N0/hqdefault.jpg"", ""standard"": ""https://i.ytimg.com/vi/G_gI4lm55N0/sddefault.jpg"", ""maxres"": ""https://i.ytimg.com/vi/G_gI4lm55N0/maxresdefault.jpg""}",221127.0,221K views,PT13M39S,13:39,0,0.02
2026-02-27,MAF Teeski - Kriss Vecc (feat. BAK Jay) [Official Music Video],"MAF Teeski - Kriss Vecc (feat. BAK Jay) [Official Music Video]

Stream/Download ""Slick SZN 2"" Here: https://mafteeski.lnk.to/scoomsday

Subscribe for more official content from MAF Teeski: https://mafteeski.lnk.to/subscribe

Follow MAF Teeski:
https://www.instagram.com/sackchaser_099
https://www.tiktok.com/@maf_teeski
https://www.tiktok.com/@maf.teeski
https://www.facebook.com/MAFTeeski00

#mafteeski #chicago #krissvec #scoomsday",2026-02-26T23:00:07Z,2026-02-26 23:00 UTC,WdCUHUFOoFg,https://www.youtube.com/watch?v=WdCUHUFOoFg,MAF Teeski,UCf4jnUGuNOyqEbRRC1kw0Uw,https://www.youtube.com/channel/UCf4jnUGuNOyqEbRRC1kw0Uw,"{""default"": ""https://i.ytimg.com/vi/WdCUHUFOoFg/default.jpg"", ""medium"": ""https://i.ytimg.com/vi/WdCUHUFOoFg/mqdefault.jpg"", ""high"": ""https://i.ytimg.com/vi/WdCUHUFOoFg/hqdefault.jpg"", ""standard"": ""https://i.ytimg.com/vi/WdCUHUFOoFg/sddefault.jpg"", ""maxres"": ""https://i.ytimg.com/vi/WdCUHUFOoFg/maxresdefault.jpg""}",16416.0,16K views,PT2M52S,2:52,0,0.02
2026-02-27,RESIDENT EVIL 9 REQUIEM Gameplay Walkthrough Part 1 FULL GAME [4K 60FPS PS5 PRO] - No Commentary,"Resident Evil 9 Requiem Walkthrough Part 1 and until the last part will include the full Resident Evil 9 Requiem Gameplay on PS5 Pro. This Resident Evil 9 Requiem Gameplay is recorded in 4K 60FPS on PS5 Pro and will include the full game, all endings and all boss fights.

Huge thanks to Capcom for providing me with an early code!

Enjoy! 

If you liked the video please remember to leave a Like & Comment, I appreciate it a lot!

A new era of survival horror arrives with Resident Evil Requiem, the latest and most immersive entry yet in the iconic Resident Evil series. Experience survival horror with FBI analyst Grace Ashcroft, and dive into pulse-pounding action with legendary agent Leon S. Kennedy. Return once again To Raccoon City.

Follow me on Twitter - https://twitter.com/MKIceAndFireMK
SUBSCRIBE - https://www.youtube.com/channel/UC1bwliGvJogr7cWK0nT2Eag?sub_confirmation=1
Support MKIceAndFire and become a member - https://www.youtube.com/channel/UC1bwliGvJogr7cWK0nT2Eag/join

Subscribe to MKIceAndFire to get all the new gameplay videos and walkthroughs of the latest games!

#ResidentEvilRequiem #Gameplay #Walkthrough",2026-02-26T11:00:38Z,2026-02-26 11:00 UTC,MKWKQkXkp3Q,https://www.youtube.com/watch?v=MKWKQkXkp3Q,MKIceAndFire,UC1bwliGvJogr7cWK0nT2Eag,https://www.youtube.com/channel/UC1bwliGvJogr7cWK0nT2Eag,"{""default"": ""https://i.ytimg.com/vi/MKWKQkXkp3Q/default.jpg"", ""medium"": ""https://i.ytimg.com/vi/MKWKQkXkp3Q/mqdefault.jpg"", ""high"": ""https://i.ytimg.com/vi/MKWKQkXkp3Q/hqdefault.jpg"", ""standard"": ""https://i.ytimg.com/vi/MKWKQkXkp3Q/sddefault.jpg"", ""maxres"": ""https://i.ytimg.com/vi/MKWKQkXkp3Q/maxresdefault.jpg""}",462612.0,463K views,PT4H18M55S,4:18:55,1,0.02
2026-02-27,Toda La Vida Remix-Anonimus x Bryant Myers x Almighty x Luar La L x Brytiago x Noriel(Video Oficial),"🔥 TODA LA VIDA REMIX HGM002🔥
 @ANONIMUS x  @HIGHGROUNDMUSIC regresan con una nueva versión de “Toda La Vida”, esta vez acompañado por  @luar_lal   ,  @BRYTIAGOTV    y  
@NorielOfficial que le dan un giro completamente diferente al tema.( @AlmightyTGCLII   ,  @BryantMyersTV   )

Lo que empezó como un sentimiento… ahora es un himno.
Más voces, más energía y más calle. 

Este remix une estilos, melodías y barras que elevan la canción a otro nivel. Si la original te gustó, prepárate porque esta versión viene más dura.

🎧 Disponible en todas las plataformas digitales.
📲 Comenta tu parte favorita.
🔔 Suscríbete y activa la campana para no perderte lo próximo.

#todalavida    #remix    #anonimus    #latinurban     #newmusic",2026-02-26T22:00:07Z,2026-02-26 22:00 UTC,4eZy1ilMt5M,https://www.youtube.com/watch?v=4eZy1ilMt5M,Anonimus TV,UCPHa-ODrqB8jbVwje6wUsHA,https://www.youtube.com/channel/UCPHa-ODrqB8jbVwje6wUsHA,"{""default"": ""https://i.ytimg.com/vi/4eZy1ilMt5M/default.jpg"", ""medium"": ""https://i.ytimg.com/vi/4eZy1ilMt5M/mqdefault.jpg"", ""high"": ""https://i.ytimg.com/vi/4eZy1ilMt5M/hqdefault.jpg"", ""standard"": ""https://i.ytimg.com/vi/4eZy1ilMt5M/sddefault.jpg"", ""maxres"": ""https://i.ytimg.com/vi/4eZy1ilMt5M/maxresdefault.jpg""}",106447.0,106K views,PT5M12S,5:12,0,0.02
2026-02-27,GIANT vs TINY Penguins in Roblox Knockout!,"The NEW Juggernaut Update is here in Roblox Knockout!
Subscribe & never miss a video! http://www.youtube.com/@ItsFunneh?sub_confirmation=1
Shop KREW DISTRICT! https://krewdistrict.com

*VIDEOS!*
✦ Gaming / https://youtube.com/playlist?list=PLfjWV0CFo_5xJh_HJZ4MSMlZc14zy4vZ4
✧ Vlogs / https://youtube.com/playlist?list=PLfjWV0CFo_5x2pQyKh4agInDxRxgYzagl
✦ Livestreams / https://youtube.com/playlist?list=PLfjWV0CFo_5wTzNpvLPqDHq9psMdibAum

*KREW!*
@PaintingRainbows
@GoldenGlare 
@ItsFunneh 
@LunarEclispe 
@DraconiteDragon 

*GAME!*
Roblox Knockout
https://bit.ly/RobloxKnockout

If you enjoyed the video, like & subscribe to show your support! Thanks for watching! :]
#ItsFunneh #KREW #Roblox",2026-02-26T21:00:14Z,2026-02-26 21:00 UTC,AUqM8ebLhQ0,https://www.youtube.com/watch?v=AUqM8ebLhQ0,ItsFunneh,UCUk7VggtJdo9XYTy3Z5QVAw,https://www.youtube.com/channel/UCUk7VggtJdo9XYTy3Z5QVAw,"{""default"": ""https://i.ytimg.com/vi/AUqM8ebLhQ0/default.jpg"", ""medium"": ""https://i.ytimg.com/vi/AUqM8ebLhQ0/mqdefault.jpg"", ""high"": ""https://i.ytimg.com/vi/AUqM8ebLhQ0/hqdefault.jpg"", ""standard"": ""https://i.ytimg.com/vi/AUqM8ebLhQ0/sddefault.jpg"", ""maxres"": ""https://i.ytimg.com/vi/AUqM8ebLhQ0/maxresdefault.jpg""}",137677.0,138K views,PT30M39S,30:39,0,0.02
2026-02-27,"Grupo Frontera, Fuerza Regida - COQUETA [Letra/Lyrics]","#grupofrontera #fuerzaregida #coqueta #musicaurbana #latinmusic #regionalmexicano #lyrics #letrasdemúsica #urbanmxly #rolitas 

Video Oficial. (Grupo Frontera, Fuerza Regida - COQUETA (Letra Oficial)

https://www.youtube.com/watch?v=nNUiVCKu_9Y&list=RDnNUiVCKu_9Y&start_radio=1 

Redes Sociales de los Artistas.

Grupo Frontera

Instagram: https://www.instagram.com/grupofrontera/ 
Facebook: https://www.facebook.com/fronteragrupo 
Twitter (X): https://x.com/frontera_grupo
TikTok: https://www.tiktok.com/@grupofrontera 
Spotify: https://open.spotify.com/intl-es/artist/6XkjpgcEsYab502Vr1bBeW 
Apple Music: https://music.apple.com/pe/artist/grupo-frontera/1613772487
YouTube: https://www.youtube.com/@GrupoFronteraOficial/videos

Vocalista. 

Payo Solis. 
Instagram: https://www.instagram.com/payo_frontera/ 
TikTok: https://www.tiktok.com/@payofrontera?lang=en


Fuerza Regida.

Instagram: https://www.instagram.com/fuerzaregida/
Facebook: https://www.facebook.com/fuerzaregida/?locale=es_LA
Twitter (X): https://x.com/FuerzaRegidafr
Tik Tok: https://www.tiktok.com/@fuerzaregida?lang=en
YouTube: https://www.youtube.com/@FUERZAREGIDA/videos

Jesús Ortiz Paz (Vocalista)
Instagram: https://www.instagram.com/jesusortizpazfr/?hl=en
Facebook: https://www.facebook.com/jesusortizfr/?locale=es_LA
Tik Tok: https://www.tiktok.com/@jesusortizpaz?lang=en
YouTube: https://www.youtube.com/@JesusOrtiz/videos

Mis Redes (Sígueme 🙏)

Instagram: https://www.instagram.com/tal_como_siempre_quise/
Facebook Personal: https://www.facebook.com/victor.tuitice.9/ 
Twitter (X): https://x.com/TTuitise 
Página de Facebook “Música con Letras”: https://www.facebook.com/profile.php?id=61577044372497
Solo Letras YouTube: https://www.youtube.com/@L.L_S.L/videos",2026-02-24T23:00:06Z,2026-02-24 23:00 UTC,GL6_hdr1SMA,https://www.youtube.com/watch?v=GL6_hdr1SMA,Urbanmx Ly,UCmqvmody8coD66gDR_tpQbw,https://www.youtube.com/channel/UCmqvmody8coD66gDR_tpQbw,"{""default"": ""https://i.ytimg.com/vi/GL6_hdr1SMA/default.jpg"", ""medium"": ""https://i.ytimg.com/vi/GL6_hdr1SMA/mqdefault.jpg"", ""high"": ""https://i.ytimg.com/vi/GL6_hdr1SMA/hqdefault.jpg"", ""standard"": ""https://i.ytimg.com/vi/GL6_hdr1SMA/sddefault.jpg"", ""maxres"": ""https://i.ytimg.com/vi/GL6_hdr1SMA/maxresdefault.jpg""}",397202.0,397K views,PT4M2S,4:02,0,0.02
2026-02-27,I Solo Queued in Champ Lobbies...,"I Solo Queued in Champ Lobbies...
IM LIVE EVERY DAY - https://www.twitch.tv/jynxzi

🔴Follow My Socials:
Main Channel: https://www.youtube.com/@Jynxzi
Twitter : https://twitter.com/Jynxzi
Instagram: https://www.instagram.com/Jynxzi
#jynxzi #rainbowsixsiege #jynxziclips",2026-02-25T23:43:06Z,2026-02-25 23:43 UTC,_wdLPmEApTg,https://www.youtube.com/watch?v=_wdLPmEApTg,Jynxzi Live,UCyNzZ1wgkOWkzYE0zbs7zhA,https://www.youtube.com/channel/UCyNzZ1wgkOWkzYE0zbs7zhA,"{""default"": ""https://i.ytimg.com/vi/_wdLPmEApTg/default.jpg"", ""medium"": ""https://i.ytimg.com/vi/_wdLPmEApTg/mqdefault.jpg"", ""high"": ""https://i.ytimg.com/vi/_wdLPmEApTg/hqdefault.jpg"", ""standard"": ""https://i.ytimg.com/vi/_wdLPmEApTg/sddefault.jpg"", ""maxres"": ""https://i.ytimg.com/vi/_wdLPmEApTg/maxresdefault.jpg""}",453310.0,453K views,PT1H21M59S,1:21:59,0,0.02
2026-02-27,LAJA - INSIDIOSO (Video Oficial) Shot.by‪@checkthefootage #spanishdrill,,2026-02-25T20:00:07Z,2026-02-25 20:00 UTC,t_D9CPVF1As,https://www.youtube.com/watch?v=t_D9CPVF1As,LAJA,UCA_R5DJK_2lI4fAjNOyn7pw,https://www.youtube.com/channel/UCA_R5DJK_2lI4fAjNOyn7pw,"{""default"": ""https://i.ytimg.com/vi/t_D9CPVF1As/default.jpg"", ""medium"": ""https://i.ytimg.com/vi/t_D9CPVF1As/mqdefault.jpg"", ""high"": ""https://i.ytimg.com/vi/t_D9CPVF1As/hqdefault.jpg"", ""standard"": ""https://i.ytimg.com/vi/t_D9CPVF1As/sddefault.jpg"", ""maxres"": ""https://i.ytimg.com/vi/t_D9CPVF1As/maxresdefault.jpg""}",227019.0,227K views,PT2M20S,2:20,0,0.02
2026-02-27,gara forgot to stop recording..,"gara forgot to stop recording..
 #gara   #Roblox

Gara Gang OFFICIAL MERCH STORE: https://shopgara.com/

Join Gara Gang Discord: https://discord.gg/garagang
Join Our Roblox Group! https://www.roblox.com/groups/32652263/Garas-Hangout#!/about

Business Inquires: realgara@garabiz.com",2026-02-27T00:53:19Z,2026-02-27 00:53 UTC,fYPAyt_38PM,https://www.youtube.com/watch?v=fYPAyt_38PM,GaraBLOX,UChoPejdaVo_Z-YJaMFvm8kw,https://www.youtube.com/channel/UChoPejdaVo_Z-YJaMFvm8kw,"{""default"": ""https://i.ytimg.com/vi/fYPAyt_38PM/default.jpg"", ""medium"": ""https://i.ytimg.com/vi/fYPAyt_38PM/mqdefault.jpg"", ""high"": ""https://i.ytimg.com/vi/fYPAyt_38PM/hqdefault.jpg"", ""standard"": ""https://i.ytimg.com/vi/fYPAyt_38PM/sddefault.jpg"", ""maxres"": ""https://i.ytimg.com/vi/fYPAyt_38PM/maxresdefault.jpg""}",74017.0,74K views,PT13M58S,13:58,0,0.02
2026-02-27,"MOTO UBER - El Alfa ""El Jefe""  x  Ezzy R","MOTO-UBER
El Alfa ""El Jefe"" junto a Ezzy R. 
Producido por  Vicente Pinto x  Bryant Prende Prende
Mix and Master Vicente Pinto ""The Echo Team"" 
#ElAlfa 
#onebillionrecords 
#MotoUber",2026-02-26T18:44:58Z,2026-02-26 18:44 UTC,rhQuv6lXC_g,https://www.youtube.com/watch?v=rhQuv6lXC_g,ElAlfaElJefeTV,UCEU5ZK7DwN9ppqPFJiGah3A,https://www.youtube.com/channel/UCEU5ZK7DwN9ppqPFJiGah3A,"{""default"": ""https://i.ytimg.com/vi/rhQuv6lXC_g/default.jpg"", ""medium"": ""https://i.ytimg.com/vi/rhQuv6lXC_g/mqdefault.jpg"", ""high"": ""https://i.ytimg.com/vi/rhQuv6lXC_g/hqdefault.jpg"", ""standard"": ""https://i.ytimg.com/vi/rhQuv6lXC_g/sddefault.jpg"", ""maxres"": ""https://i.ytimg.com/vi/rhQuv6lXC_g/maxresdefault.jpg""}",133518.0,134K views,PT2M37S,2:37,0,0.02
2026-02-27,Here’s why I logged on to WoW today..,"► Asmongold's Twitch: https://www.twitch.tv/zackrawrr
► Asmongold's X: https://x.com/asmongold
► Asmongold's Kick: https://kick.com/asmongold
► Asmongold's Sub-Reddit: https://www.reddit.com/r/Asmongold
► Asmongold's VOD Rerun Channel: https://www.twitch.tv/asmongold247

Channel Editors: CatDany & Daily Dose of Asmongold
If you own the copyright of content showed in this video and would like it to be removed:
https://x.com/CatDanyRU
https://x.com/DAsmongold",2026-02-26T12:00:23Z,2026-02-26 12:00 UTC,IMsK31SB-5U,https://www.youtube.com/watch?v=IMsK31SB-5U,Asmongold TV  ,UCQeRaTukNYft1_6AZPACnog,https://www.youtube.com/channel/UCQeRaTukNYft1_6AZPACnog,"{""default"": ""https://i.ytimg.com/vi/IMsK31SB-5U/default.jpg"", ""medium"": ""https://i.ytimg.com/vi/IMsK31SB-5U/mqdefault.jpg"", ""high"": ""https://i.ytimg.com/vi/IMsK31SB-5U/hqdefault.jpg"", ""standard"": ""https://i.ytimg.com/vi/IMsK31SB-5U/sddefault.jpg"", ""maxres"": ""https://i.ytimg.com/vi/IMsK31SB-5U/maxresdefault.jpg""}",482454.0,482K views,PT2H10M58S,2:10:58,0,0.02
2026-02-27,Twisting The Knife,"Provided to YouTube by Universal Music Group

Twisting The Knife · Ice Nine Kills · Mckenna Grace

Twisting The Knife

℗ 2026 Fearless Records, A Concord Label Group Release.

Released on: 2026-02-19

Producer, Mixing Engineer, Recording Engineer, Mastering Engineer: WZRD BLD
Composer Lyricist, Recording Second Engineer: Joe Occhiuti
Recording Second Engineer, Composer Lyricist: Steve Sopchak
Recordingarranger: Francesco Ferrini
Ensemble: Ice Nine Kills
Composer Lyricist: Spencer Charnas
Composer Lyricist: Drew Fulk
Composer Lyricist: Mckenna Grace
Composer Lyricist: Jeris Johnson
Composer Lyricist: William Schultz
Composer Lyricist: John Feldmann

Auto-generated by YouTube.",2026-02-25T10:00:44Z,2026-02-25 10:00 UTC,Rwc0VLB7R4A,https://www.youtube.com/watch?v=Rwc0VLB7R4A,Ice Nine Kills - Topic,UCnQ1QrnSZ9E_O38V0R8fR0w,https://www.youtube.com/channel/UCnQ1QrnSZ9E_O38V0R8fR0w,"{""default"": ""https://i.ytimg.com/vi/Rwc0VLB7R4A/default.jpg"", ""medium"": ""https://i.ytimg.com/vi/Rwc0VLB7R4A/mqdefault.jpg"", ""high"": ""https://i.ytimg.com/vi/Rwc0VLB7R4A/hqdefault.jpg"", ""standard"": ""https://i.ytimg.com/vi/Rwc0VLB7R4A/sddefault.jpg"", ""maxres"": ""https://i.ytimg.com/vi/Rwc0VLB7R4A/maxresdefault.jpg""}",48954.0,49K views,PT3M22S,3:22,0,0.02
2026-02-27,DR DISRESPECT - MARATHON - FIRST LOOK GAMEPLAY,"Explosive first look at Bungie's new extraction shooter, MARATHON!  Yayaya

Free 3-pack of Kenetik shots, just pay $9.99 shipping: https://drinkkenetik.com/cart/48066737504475:1?discount=DOC-FREE3PACK
-----------------------------------------------------------------------------------------------------
►JOIN THE CHAMPIONS CLUB: https://youtube.com/DrDisrespect/join

►DONATE: https://streamlabs.com/drdisrespect/tip
►Also Streaming on Rumble! https://Rumble.com/DrDisrespect
►Get Rumble Wallet Now! https://wallet.rumble.com/ 
------------------------------------------------------------------------------------------------
♦ Discord: https://discord.com/invite/drdisrespect
♦ X: https://twitter.com/drdisrespect
♦ Instagram: https://www.instagram.com/drdisrespect/
♦ TikTok: https://www.tiktok.com/@drdisrespectlive 
♦ Merchandise: https://www.championsclub.world

The allegations are in…gaming on steroids.
#marathon 
#ServerSlam",2026-02-26T15:33:42Z,2026-02-26 15:33 UTC,SrZPrN14bog,https://www.youtube.com/watch?v=SrZPrN14bog,DrDisRespect,UCcJL2ld6kxy_nuV1u7PVQ0g,https://www.youtube.com/channel/UCcJL2ld6kxy_nuV1u7PVQ0g,"{""default"": ""https://i.ytimg.com/vi/SrZPrN14bog/default_live.jpg"", ""medium"": ""https://i.ytimg.com/vi/SrZPrN14bog/mqdefault_live.jpg"", ""high"": ""https://i.ytimg.com/vi/SrZPrN14bog/hqdefault_live.jpg"", ""standard"": ""https://i.ytimg.com/vi/SrZPrN14bog/sddefault_live.jpg"", ""maxres"": ""https://i.ytimg.com/vi/SrZPrN14bog/maxresdefault_live.jpg""}",376349.0,376K views,PT9H26M56S,9:26:56,0,0.02
2026-02-27,Djo - End Of Beginning (Lyrics),"#Djo #EndOfBeginning #tiktok #Lyrics #strangerthings
#AndwhenImbackinChicago
Djo - End Of Beginning (Lyrics)

Lyrics:
Just one more tear to cry 
One teardrop from my eye 
You better save it for 
The middle of the night 
When things aren’t black and white 
Enter, Troubadour:
“Remember 24?”
 
And when I’m back in Chicago, I feel it 
Another version of me, I was in it
I wave goodbye to the end of beginning 
 
This song has started now 
And you're just finding out 
Now isn’t that a laugh? 
A major sacrifice but clueless at the time 
Enter, Caroline:
“Just trust me you’ll be fine”
 
And when I’m back in Chicago I feel it 
Another version of me, I was in it
I wave goodbye to the end of beginning 
Goodbye
Goodbye
Goodbye
Goodbye
 
You take the man out of the city, not the city out the man
You take the man out of the city, not the city out the man
You take the man out of the city, not the city out the man
You take the man out of the 
 
And when I’m back in Chicago, I feel it 
Another version of me, I was in it
I wave goodbye to the end of beginning 
Goodbye
Goodbye",2026-02-21T20:00:27Z,2026-02-21 20:00 UTC,lbKEZ1rkMwQ,https://www.youtube.com/watch?v=lbKEZ1rkMwQ,S&R,UCDhKMez849J7ErTAP-z2bSA,https://www.youtube.com/channel/UCDhKMez849J7ErTAP-z2bSA,"{""default"": ""https://i.ytimg.com/vi/lbKEZ1rkMwQ/default.jpg"", ""medium"": ""https://i.ytimg.com/vi/lbKEZ1rkMwQ/mqdefault.jpg"", ""high"": ""https://i.ytimg.com/vi/lbKEZ1rkMwQ/hqdefault.jpg"", ""standard"": ""https://i.ytimg.com/vi/lbKEZ1rkMwQ/sddefault.jpg"", ""maxres"": ""https://i.ytimg.com/vi/lbKEZ1rkMwQ/maxresdefault.jpg""}",202197.0,202K views,PT2M41S,2:41,0,0.02
2026-02-27,What Happened To The Prototype?,"1 DAY LEFT. PLEDGE $2 FOR THE PT PLUSH TODAY!🥂
https://www.gimmeswag.com/products/poppytheory-plush?_pos=1&_sid=c002779c4&_ss=r


Tryna Join The Discord Server?
https://discord.gg/zRAYYB38s3

Get Your Own Catnap Mask!
https://www.cartoondeadwork.com/products/nightmare-cat-mask",2026-02-26T19:34:06Z,2026-02-26 19:34 UTC,OqxDHxPVGuU,https://www.youtube.com/watch?v=OqxDHxPVGuU,PoppyTheory,UCq0BWamN_s2ZnlnIr4joK9w,https://www.youtube.com/channel/UCq0BWamN_s2ZnlnIr4joK9w,"{""default"": ""https://i.ytimg.com/vi/OqxDHxPVGuU/default.jpg"", ""medium"": ""https://i.ytimg.com/vi/OqxDHxPVGuU/mqdefault.jpg"", ""high"": ""https://i.ytimg.com/vi/OqxDHxPVGuU/hqdefault.jpg"", ""standard"": ""https://i.ytimg.com/vi/OqxDHxPVGuU/sddefault.jpg"", ""maxres"": ""https://i.ytimg.com/vi/OqxDHxPVGuU/maxresdefault.jpg""}",182579.0,183K views,PT19M7S,19:07,0,0.02
2026-02-27,Moy Bobadilla - Tus Mentiras (Letra),"🎵 Moy Bobadilla - Tus Mentiras (Letra)
🔥 ¡Ayúdanos a llegar a 100,000 suscriptores!
🔔 Activa la campanita para que no te pierdas ningún nuevo video.
💬 ¡Comenta, comparte y apóyanos para seguir creciendo!

🔥Sígueme:
Instagram:  https://www.instagram.com/ted_sad_/?h... 
Facebook.   / tedsadagain 
Tik Tok: https://www.tiktok.com/@kintsugi_sonar  

🔥 Seguir 
Instagram:   https://www.instagram.com/moy_bobadilla/

🎤 Letra/Lyrics  ""Tus Mentiras"" :

Y esta, esta es para ti
Mentirosa
Su compa moy bobadilla
Y mi banda, la certera, mi viejo

No sé por qué no fuiste sincera
Dejaste que yo más te quisiera
Y seguí entregándote todo el corazón
Para que, en mí, tuvieras amor y comprensión

Cuando todo era más bonito
Vi, por fin, lo triste de mi suerte
Me sentí morir al ver que tú eras de él y que te necesito
Te acabo de perder

Me hiciste sentir, por fin, amado
Y sabías que todo me tenías
No mediste el daño que me hacías
Mira lo que han hecho tus mentiras
Me has dejado el pecho destrozado

Este es, para mí, el día más triste
Pues nunca esperé lo que me hiciste
Creí que esta vez había encontrado
Ese amor, por mí, tan esperado
Pero también fui, por ti, burlado

¿por qué?
¿por qué tuvo que ser así, a tu modo?
Después de tanto amor, de tanto todo
¿por qué me matas siempre que me miras?
¿por qué llevaste al fondo así mi vida?
Si yo nunca te dañé, nunca
Como tú lo has hecho hoy con tus mentiras

Ahí te va, eduin, puro music vip

Me hiciste sentir, por fin, amado
Y sabías que todo me tenías
No mediste el daño que me hacías
Mira lo que han hecho tus mentiras
Me has dejado el pecho destrozado

Este es, para mí, el día más triste
Pues nunca esperé lo que me hiciste
Creí que esta vez había encontrado
Ese amor, por mí, tan esperado
Pero también fui, por ti, burlado

Tags:
moy bobadilla, tus mentiras, moy bobadilla tus mentiras, tus mentiras moy bobadilla, tus mentiras letra, tus mentiras lyrics, moy bobadilla letra, moy bobadilla canciones, moy bobadilla 2024, música regional, regional mexicano, corridos románticos, música mexicana, canciones de amor, canciones de desamor, letras de canciones, lyric video, video con letra, canción triste, balada regional, música romántica, canciones nuevas, estreno musical, moy bobadilla official",2026-02-20T23:59:29Z,2026-02-20 23:59 UTC,hzesoeoBk2M,https://www.youtube.com/watch?v=hzesoeoBk2M,Kintsugi Sonar,UCALTH_FFoBp4CZV_PDVF5Xw,https://www.youtube.com/channel/UCALTH_FFoBp4CZV_PDVF5Xw,"{""default"": ""https://i.ytimg.com/vi/hzesoeoBk2M/default.jpg"", ""medium"": ""https://i.ytimg.com/vi/hzesoeoBk2M/mqdefault.jpg"", ""high"": ""https://i.ytimg.com/vi/hzesoeoBk2M/hqdefault.jpg"", ""standard"": ""https://i.ytimg.com/vi/hzesoeoBk2M/sddefault.jpg"", ""maxres"": ""https://i.ytimg.com/vi/hzesoeoBk2M/maxresdefault.jpg""}",101474.0,101K views,PT4M41S,4:41,0,0.02
2026-02-27,HACKED BY CRUZ,"🥩⭐STAR CODE STEAK⭐🥩

🥩 TALK TO ME: https://discord.gg/dinner 🥩

SONG USED: https://www.youtube.com/watch?v=3_-a9nVZYjk&pp=ygUKeGVub2dlbnNpcw%3D%3D

FOLLOW ME:
🥩 TikTok: https://www.tiktok.com/@steakonyoutube
🥩 ROBLOX GROUP:  https://www.roblox.com/groups/11659059
🥩 Twitter: https://twitter.com/steak834
🥩 Instagram: https://www.instagram.com/steak834/

SEND ME STUFF:

P.O BOX 171002
Salt Lake City, UT, 84117",2026-02-26T22:07:13Z,2026-02-26 22:07 UTC,lTTdeSUtDS0,https://www.youtube.com/watch?v=lTTdeSUtDS0,steak,UC7c8wbA9yQjzxkj2uyrHrkg,https://www.youtube.com/channel/UC7c8wbA9yQjzxkj2uyrHrkg,"{""default"": ""https://i.ytimg.com/vi/lTTdeSUtDS0/default.jpg"", ""medium"": ""https://i.ytimg.com/vi/lTTdeSUtDS0/mqdefault.jpg"", ""high"": ""https://i.ytimg.com/vi/lTTdeSUtDS0/hqdefault.jpg"", ""standard"": ""https://i.ytimg.com/vi/lTTdeSUtDS0/sddefault.jpg"", ""maxres"": ""https://i.ytimg.com/vi/lTTdeSUtDS0/maxresdefault.jpg""}",146096.0,146K views,PT28M58S,28:58,0,0.02
2026-02-27,Dave - The Boy Who Played the Harp,"Get tickets to 'The Boy Who Played the Harp' tour: https://santandave.com/tour/

Taken from 'The Boy Who Played the Harp'. Listen here: https://santandave.lnk.to/theboywhoplayedtheharp

Follow Dave:
Instagram: http://instagram.com/santandave
TikTok: http://www.tiktok.com/@santandave
X: http://X.com/santandave1
Website: http://santandave.com
Facebook: http://facebook.com/santandave1

CREDITS

Directed by Edem Wornoo

Executive Producer: Mel Giles
Producer: Andre Wooz
Production Manager: Liz Adeleye
Production Coordinator: Scarlet Green

DOP: Jaime Ackroyd
Production Designer: David Hamilton
Costume Designer & Artist Stylist: Cara Hayward
Makeup Artist & Artist Grooming: Ayopo Abiri
Editor: Amy Dang
Colourist: Tim Smith

Executive Producer: Luke Jacobs
Executive Producer: Saam Farahmand

Production Company: FRIEND

1st AD: Joe Starrs
2nd AD: Edward Howes
3rd AD: Joshua Goodman
AD Runner: Freddie Tyrrell
Focus Puller: Malte Hübner
Focus Puller (Prep): Jason Henwood
2nd AC: Josh Ighdaro
Camera Trainee: Paul Adea
Motion Control Operator: Ladislav Moulis
Motion Control Assistant: Tom Ravenscroft
Video Playback Operator: Mickey Richards
DIT: Moses Jeremiah

Gaffer: Harrison Newman
Lighting Desk Operator: Alex Magil
Electrician: Joe Kennedy 
Electrician: Tim May
Electrician: Anna Lowery
Electrician: Sam Hilaire
 
Art Director: Ella Wilbraham
Art Director: Kit Falck
Buyer: Annie Alvin
Props: Harvey Weston
Armourer: Ben Simmons
Construction: Toby Caldicott
Construction: Adam Neville
Construction: Tim Dufort
Construction: Leo Obrien
Construction: Marnnee Beech
Construction: Julian Hackett
Construction: Jake Kaynak
Construction: Ben Pointer

Costume Assistant: Jannelle Williams
Costume Assistant: Megan Bundy
Costume Assistant: Aaron Aina
Makeup Assistant (SFX): Amelia Mara 
Makeup Assistant (SFX): Roo Gehring
Makeup Assistant: Lauryn Brown
Hair Stylist: Natalia Krzewska
Hair Assistant: Lucia Josephine

Production Runner: Theus Morgan Gynn
Production Runner: Jack Elliott
Production Runner: Eliab Gebressilase
Production Runner: Coco Laroque
Production Runner: Martha Busfield
Production Runner: Maxime Laurent

Edit Assistant: Conrad Bohl
Edit House: Avenues
Post Producer (Avenues): Amanda Jenkins
Lead VFX Artist: Harry Davidson
2D Artist: Oliver Chenery
2D Artist: Jason Summersgill
2D Artist: Jane Williams
Post Producer (Coffee & TV): Emily Garaway
Colourist: Tim Smith 
Colour Producer: Jai Mhach Durban 
Colour House: Rascal
Sound Mixer / Designer: Alfie Marcantonio
Title Designer: Guillaume Maurin-Belay
BTS Photographer: Jelani Pomell

Label: Neighbourhood Recordings
Artist Mgmt: Jack Foster
Artist Mgmt: Benny Scarrs
Artist Mgmt: Justin Scott
Artist Assistant: Tia Rae

Medic: Karl Omar
Security: Richard Maynard
Security: Charlie Clewley

Casting Director: Karmel Cochrane, Sophie Burton

Supporting Artists: 
Jack Derry, Ellen Pankhurst, Frankie Coldstream, Jack Diamond, Alex Bambrick, Harry Wright, Campbell Eady, Cheryl Blair, Lucy Cowie, Juri Thilak, Azaria Kabengele, Savannah Kityo, Eyum Priscilla, Mya Reed, Malachi Hallet, Reiss-Dantae Douglas, Mohammed Naseer, Rehan Banga, Richard Sutar, Reneé Beau, Kiah Marie Thorne, Alex Caspian, James Crouch, Tommo Thomas, Nick Bateman, Jon Campbell, Jacob Flemming, Jay Fisher, Chay Faraday-Browne, Harvey Lodge, Noa Kroes, Liam Ballantyne, Daniel Danaj, Brooklyn Fry, Pyerre Clarke, Ben King, Jordan Baiye, Kevin Nsubuga, Job Pedro Angus, T-Jai Coleallison, Lucky Asare, Maurice Forbes Jr, Ladi Ilori, Oluwanifemi Oduwole, Malachi Okonkwo, Mohammed Azeez, Jason Njoroge, Tade Asaolu, Tats Nyazika, Remi Adenaike, Jade McCrea, Solomon Akano, Daniel Abeshin, Lathaniel Dyer, Nathan Ihedioha, Paul Kwey, Lewis Lisk, Fallou Diakhate, Terrence Egnie, Alexander Ajuwon, Abayomi Oniyide, Julian Yaw, Mayokun Olawale, Joshua Ogbue, Andy Egwuatu, King Dogbe

Special Thanks: ProLighting, OneStop Films, Mark Roberts Motion Control & Oscar Hudson",2026-02-26T19:38:25Z,2026-02-26 19:38 UTC,AwnfjcDCCmE,https://www.youtube.com/watch?v=AwnfjcDCCmE,Santan Dave,UC5-cg5RahETrjGu-r8zjYCQ,https://www.youtube.com/channel/UC5-cg5RahETrjGu-r8zjYCQ,"{""default"": ""https://i.ytimg.com/vi/AwnfjcDCCmE/default.jpg"", ""medium"": ""https://i.ytimg.com/vi/AwnfjcDCCmE/mqdefault.jpg"", ""high"": ""https://i.ytimg.com/vi/AwnfjcDCCmE/hqdefault.jpg"", ""standard"": ""https://i.ytimg.com/vi/AwnfjcDCCmE/sddefault.jpg"", ""maxres"": ""https://i.ytimg.com/vi/AwnfjcDCCmE/maxresdefault.jpg""}",170851.0,171K views,PT4M57S,4:57,0,0.02
2026-02-27,I Upgraded The RAREST BRAINROTS in Steal a Brainrot…,"Join My Roblox Group!
https://www.roblox.com/groups/3304336...

Socials: https://solo.to/techys

#Roblox",2026-02-26T16:01:12Z,2026-02-26 16:01 UTC,n_3Kikig3BA,https://www.youtube.com/watch?v=n_3Kikig3BA,Techys,UCoRjsuzMh-MqfRjvlqaVLPw,https://www.youtube.com/channel/UCoRjsuzMh-MqfRjvlqaVLPw,"{""default"": ""https://i.ytimg.com/vi/n_3Kikig3BA/default.jpg"", ""medium"": ""https://i.ytimg.com/vi/n_3Kikig3BA/mqdefault.jpg"", ""high"": ""https://i.ytimg.com/vi/n_3Kikig3BA/hqdefault.jpg"", ""standard"": ""https://i.ytimg.com/vi/n_3Kikig3BA/sddefault.jpg"", ""maxres"": ""https://i.ytimg.com/vi/n_3Kikig3BA/maxresdefault.jpg""}",217946.0,218K views,PT11M30S,11:30,0,0.02
2026-02-27,Aaya Sher - Lyrical | The Paradise | Nani | Anirudh Ravichander | Srikanth Odela,"For more latest songs & videos, subscribe 👉 https://bit.ly/Saregama_Telugu

Presenting the first single ""Aaya Sher"" from 'The Paradise' starring Nani and others. Directed by Srikanth Odela. Music Composed by Anirudh Ravichander. 

Music Credits:
Aaya Sher
Album / Movie : The Paradise 
Composed by Anirudh Ravichander
Lyrics - Kasarla Shyam 
Vocals - Addula Jangireddy, Arjun Chandy

Composed, Arranged & Programmed by Anirudh Ravichander
Keyboards, Synth & Rhythm Programmed by Anirudh Ravichander
Trumpet & Flugelhorn - Rakesh MS
Chorus Arranged & Sung by Arjun Chandy
Backing Vocals - Akunoori Devaihah, Yogi Sekar, Sridhar Sena
Rhythm Produced by Kalyan
Additional Rhythm Programmed by Karthik Vamsi, Shashank Vijay
Orchestrals Programmed by IC, Dan Kriston
Additional Music Programmed By Arish
Music Advisor - Ananthakrrishnan
Creative Consultant - Sajith Satya
Session Assistant - Shivakiran

Recorded at
Albuquerque Records, Chennai. Engineered by Srinivasan M, Shivakiran S
Mixed by Vinay Sridhar & Srinivasan M at Albuquerque Records, Chennai
Mastered by Mastered by Rupendar Venkatesh at Mix Magic
Music Coordinator - Velavan B


Movie Credits:
Cast: Natural Star Nani, Sonali Kulkarni & Others.
Technical Crew:
Writer - Director: Srikanth Odela
Producer: Sudhakar Cherukuri
Banner: Slv Cinemas
Music Director: Anirudh
Dop: Ch Sai
Editor: Navin Nooli
Production Designer: Avinash Kolla
Chief Co-Director & Additional Screenplay: Vinay Sagar Jonnala
Co-Director: Hari K Chanduri
Writers: Thota Srinivas, Madhava Murthy Bojanapu, Arjuna Paturi, Vamshi Krishna Pinnika, Vasanth Masadi, Manupati Karunakar (Karna)
Dialect & Diction: Krishna Teja 
Costume Designer: Ajay Kumar J
Sound Designer: Suren G
Publicity Designer: Kabilan Chelliah
Vfx Supervisor: Naresh Yalla
Titles: Hari Krishna Y
Direction Team: Gajjala Bhaskar Reddy , Nagaraju Bramhaiha , Yashwanth Vittapu ,Madhu Sugreevu, Billakurthi, Venkata Aarush , Bhaskar Ponaboina , Uday Swaroop Kalahasti , Sai Kiran Modem , Hosakota Vamshi Krishna , Jasti Guhan Chowdary , Chaitthu Mothkuri .
Color By: Redchillies.Color
Sr. Colorist: Ken Metzker
Stills: Sridhar Chadalawada
Pro: Vamsi-Sekhar
Marketing: First Show
Co Producer : Gopi Chand Innamuri  
Ceo : Vijay Kumar Chaganti 
Executive Producer: Abinav Waddypally
Production Controller: Jetty Vinay
Production Team: Kalyan Kumar Sagiraju, Brahmam Chigurupati, 
Raghu Dronavalli , Vallibaba Akula,  Juvvaala Kartheek (Tinku) , Vinay Kollu
2nd Unit Cinematographer - Praveen Pothan
Operative Cinematographer - Ram Kumar.R
Associate Cinematographer - Dwarakesh.S, Aboorvan.A
Assistant Cinematographer - Melvin

Lyrics:
PALLAVI
Hey nee ayya jagiraa
Chal maavaadochindra
Iga jadthiyyaley | Jumbalikay aaya sher |

Hey aa daar kaa sulthaane
Maa ghar kaa saithaane
Chal shikaar jeyya | Jumbalikay aaya sher |

Pacha bottu gaayamidhi | Aaya sher |
Gunjukuney nyayamidhi | Aaya sher |
Boodidhala gadda idhi | Aaya sher |
Maatho raayabadda kadhe idhi | Aaya sher |

Jadaluro jadaluro hadaluro dhadaluro
Kodutharo thodaluro theestharo tholuro
Savaariki doruku biddaa
Sevaaley lesthayi biddaa

Pegul dheesi medala yesi
Aadutham biddaa, aadutham biddaa

CHARANAM

Aada eeda yeda joodu biddaa
Vanukay puttalinka paditheynay naa needa
Bondha pedutha maliknaina gooda
Vaani saavu raasukochina devuni kaada

Chal udukuthundhi saraa battilo maa kanta thade
| Jumbalikay aaya aaya sher |

Iga raaluthadhi bottu bottulo nee panche thade
| Jumbalikay aaya aaya sher |

Jadaluro jadaluro hadaluro dhadaluro
Kodutharo thodaluro theestharo tholuro
Savaariki doruku biddaa
Sevaaley lesthayi biddaa

Pegul dheesi medala yesi
Aadutham biddaa, aadutham biddaa

SECOND PALLAVI

Hey bari batthalunonninraa
Bar baadhey ayinonraa
Nannu peekuthava | Jumbalikay aaya sher |

Hey moldhaaram lenoniraa
Nee kanaa mondonraa
Iga peekuthava | Jumbalikay aaya sher |

Pottu pottu aakalundhi | Aaya sher |
Mettu mettu ekkuthara | Aaya sher |
Peru pathaa leynonni raa | Aaya sher |
Choosko Paradise ku addresaitha | Aaya sher |

Pottu pottu aakalundhi
Mettu mettu ekkuthara
Peru pathaa leynonni raa
Choosko Paradise ku addresaitha

Label: Saregama India Limited, A RPSG Group Company

To buy Carvaan, visit https://www.saregama.com/carvaan/telugu
To buy virus free original tracks, visit  https://www.saregama.com/musicstore
Follow us on: YouTube: @saregamasouth
Facebook: http://www.facebook.com/Saregamatelugu
X: https://twitter.com/saregamasouth

#TheParadise #Nani #AnirudhRavichander #SaregamaTelugu",2026-02-24T14:44:06Z,2026-02-24 14:44 UTC,iAtoZar5W58,https://www.youtube.com/watch?v=iAtoZar5W58,Saregama Telugu,UC68nKdrLbLL0Vj7ilVkLmmg,https://www.youtube.com/channel/UC68nKdrLbLL0Vj7ilVkLmmg,"{""default"": ""https://i.ytimg.com/vi/iAtoZar5W58/default.jpg"", ""medium"": ""https://i.ytimg.com/vi/iAtoZar5W58/mqdefault.jpg"", ""high"": ""https://i.ytimg.com/vi/iAtoZar5W58/hqdefault.jpg"", ""standard"": ""https://i.ytimg.com/vi/iAtoZar5W58/sddefault.jpg"", ""maxres"": ""https://i.ytimg.com/vi/iAtoZar5W58/maxresdefault.jpg""}",23403057.0,23M views,PT4M57S,4:57,0,0.02
2026-02-27,We played this game again...,"top kek

https://www.patreon.com/c/SlushyNoobz

Our Podcast
https://www.youtube.com/@OutofCharacter

https://instagram.com/slushynoobz/
https://www.reddit.com/r/SlushyNoobz/

Martin Instagram
https://www.instagram.com/thatmartinkid/
Hamzah Instagram
https://www.instagram.com/hamzahthefantastic/

PO BOX 75326
TORONTO RPO LESLIE ST,
ON, M4M 1B3

slushynoobz@gmail.com",2026-02-26T22:00:01Z,2026-02-26 22:00 UTC,0PE52U-3gmk,https://www.youtube.com/watch?v=0PE52U-3gmk,Slushy Noobz,UC5ig0ubThGbS1sVlexAQySw,https://www.youtube.com/channel/UC5ig0ubThGbS1sVlexAQySw,"{""default"": ""https://i.ytimg.com/vi/0PE52U-3gmk/default.jpg"", ""medium"": ""https://i.ytimg.com/vi/0PE52U-3gmk/mqdefault.jpg"", ""high"": ""https://i.ytimg.com/vi/0PE52U-3gmk/hqdefault.jpg"", ""standard"": ""https://i.ytimg.com/vi/0PE52U-3gmk/sddefault.jpg"", ""maxres"": ""https://i.ytimg.com/vi/0PE52U-3gmk/maxresdefault.jpg""}",93061.0,93K views,PT34M50S,34:50,0,0.02
2026-02-27,Sugar Daddy,"Provided to YouTube by DistroKid

Sugar Daddy · Kronos_StyleKumul · Joseph Nomoru · DNNY

Sugar Daddy

℗ Bloodline Entertainment

Released on: 2026-02-21

Auto-generated by YouTube.",2026-02-21T15:33:28Z,2026-02-21 15:33 UTC,VVsnJizNrTs,https://www.youtube.com/watch?v=VVsnJizNrTs,Kronos_StyleKumul - Topic,UCJ0y30Z83w6YV3Nh9ejW8BA,https://www.youtube.com/channel/UCJ0y30Z83w6YV3Nh9ejW8BA,"{""default"": ""https://i.ytimg.com/vi/VVsnJizNrTs/default.jpg"", ""medium"": ""https://i.ytimg.com/vi/VVsnJizNrTs/mqdefault.jpg"", ""high"": ""https://i.ytimg.com/vi/VVsnJizNrTs/hqdefault.jpg"", ""standard"": ""https://i.ytimg.com/vi/VVsnJizNrTs/sddefault.jpg"", ""maxres"": ""https://i.ytimg.com/vi/VVsnJizNrTs/maxresdefault.jpg""}",15779.0,16K views,PT3M8S,3:08,0,0.02
2026-02-27,Find The MISSING BACON TOWER... *IMPOSSIBLE*,"Roblox Group: https://www.roblox.com/share/g/665957595
Discord:https://discord.gg/fERrJKRShp
Second Channel: https://www.youtube.com/@MoreNizarisaqt
IRL Channel: https://www.youtube.com/@NizarisaqtIRL
Instagram: https://www.instagram.com/nizarisaqt/?next=%2F


Join the ""Cutie Verse"" to get access to perks:
https://www.youtube.com/channel/UCVhGR9TU1vfvHXl73uaEiEQ/join",2026-02-26T23:01:00Z,2026-02-26 23:01 UTC,cqSPxXaRTrs,https://www.youtube.com/watch?v=cqSPxXaRTrs,Nizarisaqt,UCVhGR9TU1vfvHXl73uaEiEQ,https://www.youtube.com/channel/UCVhGR9TU1vfvHXl73uaEiEQ,"{""default"": ""https://i.ytimg.com/vi/cqSPxXaRTrs/default.jpg"", ""medium"": ""https://i.ytimg.com/vi/cqSPxXaRTrs/mqdefault.jpg"", ""high"": ""https://i.ytimg.com/vi/cqSPxXaRTrs/hqdefault.jpg"", ""standard"": ""https://i.ytimg.com/vi/cqSPxXaRTrs/sddefault.jpg"", ""maxres"": ""https://i.ytimg.com/vi/cqSPxXaRTrs/maxresdefault.jpg""}",55606.0,56K views,PT10M7S,10:07,0,0.02
2026-02-27,Romeo Santos - Odio Feat. Drake (LETRA),"#romeosantos #drake #pop #amor #fyp  
""Y por ti vivo aniquilado en el despecho, reprimido, ardiendo por los celos""
❤️‍🩹💔
Romeo Santos - Odio Feat. Drake (LETRA)
Romeo Santos - Odio Feat. Drake (LETRA)
Romeo Santos - Odio Feat. Drake (LETRA)

✔️🎉 ¡Gracias por tu apoyo! 🎉
Si te gusta la musica que subo, ¡Dale like y comparte todos los videos!  🤗
Suscríbete: @AmoreLetra‬ ❤️‍🔥

🎤 Letra: ODIO 🎶

[Intro: Drake, Romeo Santos]
Yeah, yeah
Envy is a sign of admiration
Hate: It’s the epitome of destruction

[Verso 1: Romeo Santos]
Tal parece que mi amor crece y crece, pero tú desvaneces
Y me ofreces tu amistad sin otra excepción
Sé que hay otro hombre que ha logrado lo que yo jamás a ti te di
Un hogar, una familia, un buen porvenir; perdón por hacerte daño

[Coro: Romeo Santos]
Y por ti vivo aniquilado en el despecho
Reprimido, ardiendo por los celos
Lo odio aunque él te haga feliz
A mí nada me intimida
Pero entiendo que él gano la guerra hace tiempo
Y se me olvida que ya te perdí

[Verso 2: Drake, Drake & Romeo Santos, Romeo Santos]
Celo sus besos sobre tu cuerpo
La envidia se apodera así de mí y te quiero aquí
Odio ese hombre porque está a tu lado
Perdí tu amor, soy un pobre diablo
Sin tu amor yo no soy nada, nada

[Coro: Romeo Santos]
Y por ti vivo aniquilado en el despecho
Reprimido, ardiendo por los celos
Lo odio aunque él te haga feliz
A mí nada me intimida
Pero entiendo que él gano la guerra hace tiempo
Y se me olvida que ya te perdí

[Interludio: Romeo Santos & Drake]
Escucha las palabras
Yeah, drizzy Drake

[Puente: Romeo Santos]
Yo fui el llanto, él es tu sonrisa (turn the lights on)
Y lo nuestro desplomó sobre un volcán muy de prisa

[Verso 3: Drake]
Uh, you were the one
You've been the one from the moment I seen you
Sometimes I question if this is all real
Then I grab on that ass and I firmly believe it
And you look like you drawn by an artist
No you, you look like Bernice and Yaris
But both put together, those are some girls that I know from back home
If you saw 'em you'd get it
Look don't worry about it, keep speakin' Spanish
I'll get it translated, you know you my baby
Anything for you, anything baby
I do not wanna be enemies baby
I would just much rather give you a baby
And buy you a house, so I live with you baby
Don't stay with this new guy, I really go crazy
I really go crazy

[Coro: Romeo Santos]
Y por ti vivo aniquilado en el despecho
Reprimido, ardiendo por los celos
Lo odio, aunque él te haga feliz
A mi nada me intimida, pero entiendo
Que él gano la guerra hace tiempo
Y se me olvida que ya te perdí",2026-02-19T13:04:49Z,2026-02-19 13:04 UTC,7yt3aMozvj8,https://www.youtube.com/watch?v=7yt3aMozvj8,Amore Lyrics,UCA27Vna8RwUiuZlJbP-5cfw,https://www.youtube.com/channel/UCA27Vna8RwUiuZlJbP-5cfw,"{""default"": ""https://i.ytimg.com/vi/7yt3aMozvj8/default.jpg"", ""medium"": ""https://i.ytimg.com/vi/7yt3aMozvj8/mqdefault.jpg"", ""high"": ""https://i.ytimg.com/vi/7yt3aMozvj8/hqdefault.jpg"", ""standard"": ""https://i.ytimg.com/vi/7yt3aMozvj8/sddefault.jpg"", ""maxres"": ""https://i.ytimg.com/vi/7yt3aMozvj8/maxresdefault.jpg""}",243222.0,243K views,PT3M46S,3:46,0,0.02
2026-02-27,PARENTS vs KIDS PROP HUNT in Minecraft!,"Instagram: https://www.instagram.com/cashmarcoyt/
Merch: https://cashandnico.com

#Minecraft #MinecraftMod #Cash #NicoAndCash",2026-02-26T15:00:12Z,2026-02-26 15:00 UTC,5c84E715cnU,https://www.youtube.com/watch?v=5c84E715cnU,Cash,UC0eLBYhxW9HC0P9PXQ73mpQ,https://www.youtube.com/channel/UC0eLBYhxW9HC0P9PXQ73mpQ,"{""default"": ""https://i.ytimg.com/vi/5c84E715cnU/default.jpg"", ""medium"": ""https://i.ytimg.com/vi/5c84E715cnU/mqdefault.jpg"", ""high"": ""https://i.ytimg.com/vi/5c84E715cnU/hqdefault.jpg"", ""standard"": ""https://i.ytimg.com/vi/5c84E715cnU/sddefault.jpg"", ""maxres"": ""https://i.ytimg.com/vi/5c84E715cnU/maxresdefault.jpg""}",213076.0,213K views,PT17M55S,17:55,0,0.02
2026-02-27,Dominic Fike - Babydoll,"Dominic Fike - Babydoll
Stream/Download:

(Lyrics):
[Chorus]
I can't move on, babydoll
Waitin' on calls, flippin' through stations
I'm outclassed and it's outrageous
And I'll take it all, babydoll
Whatever's been weighing you down

[Verse]
Find me on Miami concrete
Lookin' for somebody different 'cause my daddy was a pimp
My mama had her issues but I miss her anyway
Oh, babydoll
Please don't call me for the wrong reasons
We both know exactly what I'm thinkin'
Weeks pass and I never grow tired
'Cause I never said never and I barely ever lie
I'm on the road to an original place in outer space
I didn't make it up, but you can't find it on a phone or a globe
And I can take you with me if you really wanna go
Oh, babydoll, I can't move on

[Chorus]
I can't move on, babydoll
Waitin' on calls, flippin' through stations
I'm outclassed and it's outrageous
And I'll take it all, babydoll
Whatever's been weighing you down

Tags:
Babydoll Lyrics
Dominic Fike Babydoll
Babydoll Dominic Fike
I can't move on babydoll
Waitin' on calls flippin' through stations
I'm outclassed and it's outrageous
And I'll take it all babydoll
Whatever's been weighing you down
I will take it all baby doll
I can not move on baby doll
Babydoll

#Babydoll #DominicFike #Lyrics 

Contact: Ypmamusic@gmail.com",2026-02-22T19:40:58Z,2026-02-22 19:40 UTC,-f52RCFTnF4,https://www.youtube.com/watch?v=-f52RCFTnF4,RapHype,UCQMm1V0QcvgZoNbsekq1Rbg,https://www.youtube.com/channel/UCQMm1V0QcvgZoNbsekq1Rbg,"{""default"": ""https://i.ytimg.com/vi/-f52RCFTnF4/default.jpg"", ""medium"": ""https://i.ytimg.com/vi/-f52RCFTnF4/mqdefault.jpg"", ""high"": ""https://i.ytimg.com/vi/-f52RCFTnF4/hqdefault.jpg"", ""standard"": ""https://i.ytimg.com/vi/-f52RCFTnF4/sddefault.jpg"", ""maxres"": ""https://i.ytimg.com/vi/-f52RCFTnF4/maxresdefault.jpg""}",211731.0,212K views,PT1M39S,1:39,0,0.02
2026-02-27,Crimson Desert seems IMPOSSIBLE,"Crimson desert is making a lot of promises....will it deliver?
Subscribe for more: https://www.youtube.com/gameranxTV?sub_confirmation=1",2026-02-26T16:53:48Z,2026-02-26 16:53 UTC,T3EwyeGHOao,https://www.youtube.com/watch?v=T3EwyeGHOao,gameranx,UCNvzD7Z-g64bPXxGzaQaa4g,https://www.youtube.com/channel/UCNvzD7Z-g64bPXxGzaQaa4g,"{""default"": ""https://i.ytimg.com/vi/T3EwyeGHOao/default.jpg"", ""medium"": ""https://i.ytimg.com/vi/T3EwyeGHOao/mqdefault.jpg"", ""high"": ""https://i.ytimg.com/vi/T3EwyeGHOao/hqdefault.jpg"", ""standard"": ""https://i.ytimg.com/vi/T3EwyeGHOao/sddefault.jpg"", ""maxres"": ""https://i.ytimg.com/vi/T3EwyeGHOao/maxresdefault.jpg""}",319703.0,320K views,PT17M57S,17:57,0,0.02
2026-02-27,Chayanne - Dejaría Todo (Letra),"🎵¡Muchas gracias por ver el video¡ Espero que les haya gustado 💌.
🔔 ¡No olvides suscribirte y activar las notificaciones para disfrutar cada video.🎧🎸
📌 Aquí te invitamos a ver el vídeo oficial:
https://youtu.be/uMrN1W4ryoE?si=rVwP6t37gt-7O6v7",2026-02-23T15:00:06Z,2026-02-23 15:00 UTC,GPaFegbc1GQ,https://www.youtube.com/watch?v=GPaFegbc1GQ,Romantic FM,UCJb-lvPUR9PW41JtDp6tOmg,https://www.youtube.com/channel/UCJb-lvPUR9PW41JtDp6tOmg,"{""default"": ""https://i.ytimg.com/vi/GPaFegbc1GQ/default.jpg"", ""medium"": ""https://i.ytimg.com/vi/GPaFegbc1GQ/mqdefault.jpg"", ""high"": ""https://i.ytimg.com/vi/GPaFegbc1GQ/hqdefault.jpg"", ""standard"": ""https://i.ytimg.com/vi/GPaFegbc1GQ/sddefault.jpg"", ""maxres"": ""https://i.ytimg.com/vi/GPaFegbc1GQ/maxresdefault.jpg""}",268404.0,268K views,PT4M45S,4:45,0,0.02
2026-02-27,I MOVED INTO A NEW HOUSE BUT MY NEIGHBORS ARE GETTING WAY TOO COMFORTABLE WITH YOUR BOY,"No wonder the rent for this two story house was so cheap

Tales after midnight: the neighbor game link:
https://static-mind.itch.io/tales-after-midnight-the-neighbor

Follow me on Twitter! ► https://twitter.com/JayKubzScouts
Watch me on Twitch! ► http://www.twitch.tv/thekubzscouts
I made a new instagram! ► https://www.instagram.com/itsthatdudejay/
(These are the only socials that I currently have, anything else is not me!)

---------------------------

We're here to have fun and not take ourselves too seriously, so any negative comments will be automatically deleted! Thanks for watching!

#KubzScouts",2026-02-26T09:05:33Z,2026-02-26 09:05 UTC,P7jwvqHujhY,https://www.youtube.com/watch?v=P7jwvqHujhY,Kubz Scouts,UCZBY6V8Lxmwu8gGRBOyO11w,https://www.youtube.com/channel/UCZBY6V8Lxmwu8gGRBOyO11w,"{""default"": ""https://i.ytimg.com/vi/P7jwvqHujhY/default.jpg"", ""medium"": ""https://i.ytimg.com/vi/P7jwvqHujhY/mqdefault.jpg"", ""high"": ""https://i.ytimg.com/vi/P7jwvqHujhY/hqdefault.jpg"", ""standard"": ""https://i.ytimg.com/vi/P7jwvqHujhY/sddefault.jpg"", ""maxres"": ""https://i.ytimg.com/vi/P7jwvqHujhY/maxresdefault.jpg""}",226129.0,226K views,PT26M59S,26:59,0,0.02
2026-02-27,Toto - Hold The Line (Lyrics),"❤️ Subscribe to Monstafluff Music: https://bit.ly/MonstafluffSubscribe
🕋 Download / Stream: https://Toto.lnk.to/listenYD
👍  Song: Toto - Hold The Line (Lyrics)

⚫️Toto:
https://Toto.lnk.to/followFI
https://Toto.lnk.to/followTI
https://Toto.lnk.to/followWI
https://totoband.lnk.to/subscribeYD
https://Toto.lnk.to/followSI

🏮 Monstafluff Music:
https://open.spotify.com/user/monstafluffmusic 
https://facebook.com/monstafluffmusic
https://youtube.com/monstafluffmusic
https://twitter.com/Monstafluff

🎤 Lyrics: Toto - Hold The Line

[Verse 1]
It's not in the way that you hold me
It's not in the way you say you care
It's not in the way you've been treatin' my friends
It's not in the way that you stayed 'til the end

[Pre-Chorus]
It's not in the way you look
Or the things that you say that you'll do

[Chorus]
Hold the line
Love isn't always on time, oh, oh, oh
Hold the line
Love isn't always on time, oh, oh, oh

[Verse 2]
It's not in the words that you told me, yeah
It's not in the way you say you're mine, ooh
It's not in the way that you came back to me
It's not in the way that your love set me free

[Pre-Chorus]
It's not in the way you look
Or the things that you say that you'll do

[Chorus]
Hold the line
Love isn't always on time, oh, oh, oh
Hold the line
Love isn't always on time, oh, oh, oh

[Instrumental Break]

[Verse 2]
It's not in the words that you told me
It's not in the way you say you're mine, ooh
It's not in the way that you came back to me
It's not in the way that your love set me free

[Pre-Chorus]
It's not in the way you look
Or the things that you say that you'll do

[Chorus]
Hold the line
Love isn't always on time, oh, oh, oh
Hold the line
Love isn't always on time (Love isn't always on time)
Hold the line
Love isn't always on time (Love isn't always, love isn't always on time)
Hold the line
Love isn't always on time
Love isn't always on time
Love isn't always on time
Love isn't always on time, oh, oh, oh


🍁 Wallpaper: https://unsplash.com/

🧧 For business inquiries and other issues please contact monstafluffmusicnetwork@gmail.com

#lyrics",2026-02-19T22:44:04Z,2026-02-19 22:44 UTC,3ufSTaPFv04,https://www.youtube.com/watch?v=3ufSTaPFv04,Monstafluff Music,UCMwePVHRpDdfeUcwtDZu2Dw,https://www.youtube.com/channel/UCMwePVHRpDdfeUcwtDZu2Dw,"{""default"": ""https://i.ytimg.com/vi/3ufSTaPFv04/default.jpg"", ""medium"": ""https://i.ytimg.com/vi/3ufSTaPFv04/mqdefault.jpg"", ""high"": ""https://i.ytimg.com/vi/3ufSTaPFv04/hqdefault.jpg"", ""standard"": ""https://i.ytimg.com/vi/3ufSTaPFv04/sddefault.jpg"", ""maxres"": ""https://i.ytimg.com/vi/3ufSTaPFv04/maxresdefault.jpg""}",312693.0,313K views,PT3M56S,3:56,0,0.02
2026-02-27,"""Wrong Side Out"" By CG5 - Poppy Playtime Chapter 5 Official Music Video IS SO GOOD!!","Go check out the Official Poppy Playtime Chapter 5 Music Video by @CG5  ""Wrong Side Out"" NOW!! https://www.youtube.com/watch?v=lsndkQuEwaM
🍜 SUBSCRIBE - https://www.youtube.com/channel/UChd1FPXykD4pust3ljzq6hQ?sub_confirmation=1
👉 BECOME A MEMBER - https://www.youtube.com/thinknoodles/join

🤖 Discord: https://discord.gg/thinknoodles

#poppyplaytimechapter5 #thinknoodles #poppyplaytime",2026-02-26T12:08:00Z,2026-02-26 12:08 UTC,1QaAr7Bhfcw,https://www.youtube.com/watch?v=1QaAr7Bhfcw,Thinknoodles,UChd1FPXykD4pust3ljzq6hQ,https://www.youtube.com/channel/UChd1FPXykD4pust3ljzq6hQ,"{""default"": ""https://i.ytimg.com/vi/1QaAr7Bhfcw/default.jpg"", ""medium"": ""https://i.ytimg.com/vi/1QaAr7Bhfcw/mqdefault.jpg"", ""high"": ""https://i.ytimg.com/vi/1QaAr7Bhfcw/hqdefault.jpg"", ""standard"": ""https://i.ytimg.com/vi/1QaAr7Bhfcw/sddefault.jpg"", ""maxres"": ""https://i.ytimg.com/vi/1QaAr7Bhfcw/maxresdefault.jpg""}",384996.0,385K views,PT15M59S,15:59,0,0.02
2026-02-27,Alex Warren - Ordinary (Lyrics),"👑 Alex Warren - Ordinary (Lyrics)
🎶 Listen on Spotify: http://bit.ly/4c1YIwO
🔥 Help us reach 100,000 subscribers!
🔔 Turn on notifications to stay updated with new uploads!

🎧 Stream & Download: https://alexwarren.lnk.to/ordinary

✨ Follow Alex Warren:
https://www.instagram.com/alexwaarren/

📱 Follow us on:
Instagram: https://www.instagram.com/nearsidehq

×=×=×=×=×  

Lyrics for ""Alex Warren - Ordinary""

[Verse 1]
They say, ""The holy water's watered down
And this town's lost its faith
Our colors will fade eventually""
So, if our time is runnin' out
Day after day
We'll make the mundane our masterpiece

[Pre-Chorus]
Oh my, my
Oh my, my love
I take one look at you

[Chorus]
You're takin' me out of the ordinary
I want you layin' me down 'til we're dead and buried
On the edge of your knife, stayin' drunk on your vine
The angels up in the clouds are jealous knowin' we found
Somethin' so out of the ordinary
You got me kissin' thе ground of your sanctuary
Shatter me with your touch, oh Lord, return mе to dust
The angels up in the clouds are jealous knowin' we found

[Verse 2]
Hopeless hallelujah
On this side of Heaven's gate
Oh, my life, how do ya
Breathe and take my breath away?
At your altar, I will pray
You're the sculptor, I'm the clay

[Pre-Chorus]
Oh my, my

[Chorus]
You're takin' me out of the ordinary
I want you layin' me down 'til we're dead and buried
On the edge of your knife, stayin' drunk on your vine
The angels up in the clouds are jealous knowin' we found
Somethin' so out (Out) of the ordinary (Ordinary)
You got me kissing the ground (Ground) of your sanctuary (Sanctuary)
Shatter me with your touch, oh Lord, return me to dust
The angels up in the clouds are jealous knowin' we found

[Bridge]
Somethin' so heavenly, higher than ecstasy
Whenever you're next to me, oh my, my
World was in black and white until I saw your light
I thought you had to die to find

[Chorus]
Somethin' so out of the ordinary
I want you laying me down 'til we're dead and buried
On the edge of your knife, stayin' drunk on your vine
The angels up in the clouds are jealous knowin' we found
Somethin' so out (Out) of the ordinary
You got me kissing the ground (Ground) of your sanctuary (Sanctuary)
Shatter me with your touch, oh Lord, return me to dust
The angels up in the clouds are jealous knowin' we found

×=×=×=×=×

🏷️Tags
#ordinary #alexwarren #auraserenity #freshvibes #ordinarylyrics

📧 Connect: contact@auranetwork.org
📥 Submit your music: https://auraserenity.portal.district.biz/app/login

📌 LINKS: 
Subscribe: https://www.youtube.com/@AuraNetworkSerenity?sub_confirmation=1
serenity ©: https://youtube.com/playlist?list=PL6XvoUHzMezgk4YGb1Rs4Al7ODm5d6ww4&si=VitAZQD1P_lJRSen
Sad Bangers: https://youtube.com/playlist?list=PL6XvoUHzMezgw-hXXRkW_M8ggWGLkT7S8&si=QRCnACqT8oSnOD92

Alex Warren, Alex Warren Latest, Ordinary Lyrics, Ordinary Lyrics Video

Comment #weareaura if you see this! 👀",2026-02-23T08:15:00Z,2026-02-23 08:15 UTC,Aa_EVv0hfLU,https://www.youtube.com/watch?v=Aa_EVv0hfLU,Aura Serenity,UCnjDfkZQJpaB91w3gbgbhOA,https://www.youtube.com/channel/UCnjDfkZQJpaB91w3gbgbhOA,"{""default"": ""https://i.ytimg.com/vi/Aa_EVv0hfLU/default.jpg"", ""medium"": ""https://i.ytimg.com/vi/Aa_EVv0hfLU/mqdefault.jpg"", ""high"": ""https://i.ytimg.com/vi/Aa_EVv0hfLU/hqdefault.jpg"", ""standard"": ""https://i.ytimg.com/vi/Aa_EVv0hfLU/sddefault.jpg"", ""maxres"": ""https://i.ytimg.com/vi/Aa_EVv0hfLU/maxresdefault.jpg""}",597170.0,597K views,PT3M26S,3:26,0,0.02
2026-02-27,ONE OF THE GREATEST EZAS IN HISTORY!!! 100% EZA LR SSJ3 GOKU & SSJ2 VEGETA! (DBZ: Dokkan Battle),"Video Title: ONE OF THE GREATEST EZAS IN HISTORY!!! 100% EZA LR SSJ3 GOKU & SSJ2 VEGETA! (DBZ: Dokkan Battle)

------------------------------------------------------------------------------------

PLAYLIST: http://www.youtube.com/playlist?list=PLxDKxnBDRDIWobKEITLg3V8GRE-iDwmOx

------------------------------------------------------------------------------------

TWITCH: https://www.twitch.tv/datruthdt

------------------------------------------------------------------------------------

TWITTER: https://twitter.com/DaTruthDT

------------------------------------------------------------------------------------

FACEBOOK: https://www.facebook.com/DaTruthDT

------------------------------------------------------------------------------------",2026-02-26T16:22:31Z,2026-02-26 16:22 UTC,72sIoOjhCpI,https://www.youtube.com/watch?v=72sIoOjhCpI,DaTruthDT,UCTZ1hH6lkIce35jwlMVmtLw,https://www.youtube.com/channel/UCTZ1hH6lkIce35jwlMVmtLw,"{""default"": ""https://i.ytimg.com/vi/72sIoOjhCpI/default.jpg"", ""medium"": ""https://i.ytimg.com/vi/72sIoOjhCpI/mqdefault.jpg"", ""high"": ""https://i.ytimg.com/vi/72sIoOjhCpI/hqdefault.jpg"", ""standard"": ""https://i.ytimg.com/vi/72sIoOjhCpI/sddefault.jpg"", ""maxres"": ""https://i.ytimg.com/vi/72sIoOjhCpI/maxresdefault.jpg""}",105244.0,105K views,PT1H37M40S,1:37:40,0,0.02
2026-02-27,Loe Shimmy - No Mileage (Official Music Video),"Stream ""No Mileage"" Now
https://openshift.vyd.co/LoeShimmyNoMileage

Loe Shimmy Socials:
https://www.tiktok.com/@loeshimmy 
https://www.instagram.com/loeshimmy/ 
https://www.facebook.com/loeshimmy/ 
https://x.com/Loeshimmy 

Director - Isaac Garcia
Producer - Lejon Johnson
DP- Isaac Garcia
Gaffer- Manny Gonzalez 
KG- Aaron Diaz
PA- Timeline
Lead Model - Tiana
Trumpet player- Quin Jaye

#LoeShimmy #NoMileage",2026-02-25T18:00:06Z,2026-02-25 18:00 UTC,I98mWBXu5j0,https://www.youtube.com/watch?v=I98mWBXu5j0,Loe Shimmy,UCKNnh5bOfVa6xWeu9x7678Q,https://www.youtube.com/channel/UCKNnh5bOfVa6xWeu9x7678Q,"{""default"": ""https://i.ytimg.com/vi/I98mWBXu5j0/default.jpg"", ""medium"": ""https://i.ytimg.com/vi/I98mWBXu5j0/mqdefault.jpg"", ""high"": ""https://i.ytimg.com/vi/I98mWBXu5j0/hqdefault.jpg"", ""standard"": ""https://i.ytimg.com/vi/I98mWBXu5j0/sddefault.jpg"", ""maxres"": ""https://i.ytimg.com/vi/I98mWBXu5j0/maxresdefault.jpg""}",68217.0,68K views,PT2M11S,2:11,0,0.02
2026-02-27,Resident Evil Requiem - Part 1 - A NEW HORROR BEGINS..,"Resident Evil Requiem Remake Walkhthrough Gameplay Part 1 (Full Game) 4K 60FPS. Resident Evil Requiem full game walkthrough from beginning to ending which includes full game review, first impressions, all upgrades, all weapons, all boss fights, all cutscenes and more.

Resident Evil Requiem Full Playlist:
https://youtube.com/playlist?list=PLUU9DSgxgRLCLIvDWYgjjFrVa1QkvU78k&si=95DsMkAUZpof_Et2

Thank you Capcom For The Free Copy.

Return once again to the city of disaster and despair.
A midwestern city in the United States and the headquarters for the former global pharmaceutical company, Umbrella.
In the face of the zombie outbreak in 1998, the government approved a sterilization operation, a missile strike on the city in an attempt to quickly bring the situation under control—but this was swiftly covered up.


Subscribe: http://bit.ly/sub2hollowpoiint
Twitter: https://twitter.com/HollowPoiint
Instagram: http://instagram.com/HollowPoiint
Facebook: https://Facebook.com/HollowPoiint

Gfuel: Use code HOLLOW at https://gfuel.com/
Astro Headsets: Use code HOLLOW at https://astro.family/HollowPoiint
Logitech: Click Link For Discount http://bit.ly/2Lnqkjd
Kontrol Freek: Use code HOLLOW at http://kontrolfreek.pro/hKRFoO
#ResidentEvil4Remake #ResidentEvil4 #Walkthrough
▶FAN MAIL Address:
6800 SW 40th St Number 282 
Miami FL 33155",2026-02-26T13:15:01Z,2026-02-26 13:15 UTC,B-dIs7yb1EQ,https://www.youtube.com/watch?v=B-dIs7yb1EQ,Hollow,UCmp5y07YIV6i2jPX4x82hVQ,https://www.youtube.com/channel/UCmp5y07YIV6i2jPX4x82hVQ,"{""default"": ""https://i.ytimg.com/vi/B-dIs7yb1EQ/default.jpg"", ""medium"": ""https://i.ytimg.com/vi/B-dIs7yb1EQ/mqdefault.jpg"", ""high"": ""https://i.ytimg.com/vi/B-dIs7yb1EQ/hqdefault.jpg"", ""standard"": ""https://i.ytimg.com/vi/B-dIs7yb1EQ/sddefault.jpg"", ""maxres"": ""https://i.ytimg.com/vi/B-dIs7yb1EQ/maxresdefault.jpg""}",212977.0,213K views,PT2H49M5S,2:49:05,0,0.02
2026-02-27,"Tarvin Toune, Dj Dirty Fingerz & Saii Kay - SOLO (Audio)","Official audio for SOLO by Tarvin Toune, Dj Dirty Fingerz & Saii Kay

Listen to more from Tarvin Toune: https://www.youtube.com/playlist?list=PLauP1U6HVNBAo0ED2WLmMnZUTxmY4HJ8p

Subscribe to my channel: https://www.youtube.com/@TarvinToune

Download or stream: https://precise.fm/solo

📲 Connect/Follow Tarvin Toune 
https://www.facebook.com/jujublaze1recordz
https://www.instagram.com/tarvin_toune_official/
https://www.tiktok.com/@tarvin_toune_official

© 2026 Blaze One Recordz

#TarvinToune #Solo #Reggae",2026-02-13T01:30:06Z,2026-02-13 01:30 UTC,7wM5mT2Dk0k,https://www.youtube.com/watch?v=7wM5mT2Dk0k,Tarvin Toune,UC8m51-mP5lBLLNmVgah3nZw,https://www.youtube.com/channel/UC8m51-mP5lBLLNmVgah3nZw,"{""default"": ""https://i.ytimg.com/vi/7wM5mT2Dk0k/default.jpg"", ""medium"": ""https://i.ytimg.com/vi/7wM5mT2Dk0k/mqdefault.jpg"", ""high"": ""https://i.ytimg.com/vi/7wM5mT2Dk0k/hqdefault.jpg"", ""standard"": ""https://i.ytimg.com/vi/7wM5mT2Dk0k/sddefault.jpg"", ""maxres"": ""https://i.ytimg.com/vi/7wM5mT2Dk0k/maxresdefault.jpg""}",54390.0,54K views,PT4M16S,4:16,0,0.02
2026-02-27,Best Player for Every Stat,"Head to https://chime.yt.link/TvHOSKI to get up to $350 and earn up to 3.00% APY with Chime® Thanks Chime for sponsoring this video!

Discord! https://discord.gg/kAtCsqQ2vz
SUBSCRIBE!  https://www.youtube.com/user/RandomGaminCrew
NFLWarRoom https://www.youtube.com/channel/UCXFgfQZRWyKdLsqEAqfh8TQ
Instagram! (@yoboypizzaofficial) https://www.instagram.com/yoboypizzaofficial/

Want to Send Fan Mail? 
Send To: YoBoy Pizza
P.O.Box 321
West Mifflin PA, 15122

➡️ Business Email: therandomgamingcrew@gmail.com

So blessed to have you stop by and watch my video! Most importantly don't forget to keep God #1❗️
-YoBoy Pizza",2026-02-26T22:30:21Z,2026-02-26 22:30 UTC,whP8IcebXu0,https://www.youtube.com/watch?v=whP8IcebXu0,YoBoy PIZZA,UCIa6iQD0ecZols-CUuMdNAw,https://www.youtube.com/channel/UCIa6iQD0ecZols-CUuMdNAw,"{""default"": ""https://i.ytimg.com/vi/whP8IcebXu0/default.jpg"", ""medium"": ""https://i.ytimg.com/vi/whP8IcebXu0/mqdefault.jpg"", ""high"": ""https://i.ytimg.com/vi/whP8IcebXu0/hqdefault.jpg"", ""standard"": ""https://i.ytimg.com/vi/whP8IcebXu0/sddefault.jpg"", ""maxres"": ""https://i.ytimg.com/vi/whP8IcebXu0/maxresdefault.jpg""}",62614.0,63K views,PT23M46S,23:46,0,0.02
2026-02-27,"Social Distortion - ""Born To Kill""","""Born To Kill"" by @socialdistortion from the upcoming album 'Born To Kill', out on May 8, 2026
Pre-order, stream & download at https://socialdistortion.ffm.to/borntokill 

Director Lance Bangs
Producer Brianna Sedor
Associate Producer Ronnie Dezsi
Production Assistant Tomas Filloy
Cam Op Dennis Thomas
Cam Op Austin Shelton
Cam op Derek Milton
1st AC/Film Loader Gilles O'Kane
Gaffer Ant Boyd
Key Grip Keith Shattle
Swing Shawn Davidson
Costumer Abigail Keever
HMU Leah Carmichael
Editor Mark Spencer

Special thanks to the Fox Theater Pomona and Cine G Rentals.

Social Distortion is Mike Ness, Jonny Wickersham, Brent Harding and David Hidalgo, Jr.

Produced and Mixed by D. Sardy and Mike Ness
Written by Mike Ness
Recorded at Sunset Sound Studio 3
Engineered and Edited by James Monti
Second Engineer and Guitar Technician - Cameron Barton
Additional Engineering & Editing by Geoff Neal
Additional Editing by Dan Monti
Assistant Engineer at Sunset Sound Alex Miller
Mastered by Stephen Marcusson at Marcusson Mastering

LYRICS

Well some people said yeah it couldn’t be done,
But revolution can sure be fun
To the status quo it’s to your dismay,
Rock ’n’ roll animal gonna come your way!

Cuz I’m a lookin’, for a thrill!
Cuz baby, I was born to kill!

The agenda is yeah to search and destroy,
Ain’t no one gonna kill my joy
Turn it upside down ain’t no surprise,
Don’t think once that I’ll apologize!

Cuz I’m a lookin’, for a thrill!
Cuz baby, I was born to kill!
I’m a lookin’, lookin’ for a thrill!
Cuz baby, I was born to kill!

I’m the underdog who ends up on top,
The rebel poet with the peacock strut
Gonna make a change gonna rearrange,
Look out man you’re in my pissing range!

Cuz I’m a lookin’, for a thrill!
Cuz baby, I was born to kill!

FOLLOW SOCIAL DISTORTION
▶ Store: http://socialdistortion.ffm.to/store
▶ Website: http://www.socialdistortion.com
▶ Instagram: http://instagram.com/SocialDistortion
▶ TikTok: https://www.tiktok.com/@_socialdistortion
▶ Facebook: https://www.facebook.com/socialdistortion
▶ X: https://x.com/SocialD1
▶ YouTube: https://youtube.com/@socialdistortion
▶ Spotify: https://spoti.fi/3AOo9R5
▶ Apple: https://apple.co/3sPWUlK
▶ Amazon: https://amzn.to/3pgHtSv

#socialdistortion #borntokill",2026-02-25T14:00:06Z,2026-02-25 14:00 UTC,5kCv95gBJOk,https://www.youtube.com/watch?v=5kCv95gBJOk,Social Distortion,UCa-TUmJpU-jaz4gNtNR9G3g,https://www.youtube.com/channel/UCa-TUmJpU-jaz4gNtNR9G3g,"{""default"": ""https://i.ytimg.com/vi/5kCv95gBJOk/default.jpg"", ""medium"": ""https://i.ytimg.com/vi/5kCv95gBJOk/mqdefault.jpg"", ""high"": ""https://i.ytimg.com/vi/5kCv95gBJOk/hqdefault.jpg"", ""standard"": ""https://i.ytimg.com/vi/5kCv95gBJOk/sddefault.jpg"", ""maxres"": ""https://i.ytimg.com/vi/5kCv95gBJOk/maxresdefault.jpg""}",221089.0,221K views,PT4M,4:00,0,0.02
2026-02-27,JEV PLAYS MARATHON for the first time,"Enjoy!

Twitter - https://twitter.com/Jev
Twitch - http://www.twitch.tv/Jev
Instagram - http://instagram.com/mrjeverson#

GET GFUEL HERE WITH MY LINK :)
USE CODE 'JEV' AT CHECKOUT FOR A DISCOUNT
https://www.gfuel.com/JEV

JOIN THE CHANNEL AS A MEMBER
https://www.youtube.com/channel/UC7trU46U_9XPDtMnDbiDPUQ/join",2026-02-26T23:59:25Z,2026-02-26 23:59 UTC,CLWWJafESTQ,https://www.youtube.com/watch?v=CLWWJafESTQ,JEV,UC7trU46U_9XPDtMnDbiDPUQ,https://www.youtube.com/channel/UC7trU46U_9XPDtMnDbiDPUQ,"{""default"": ""https://i.ytimg.com/vi/CLWWJafESTQ/default.jpg"", ""medium"": ""https://i.ytimg.com/vi/CLWWJafESTQ/mqdefault.jpg"", ""high"": ""https://i.ytimg.com/vi/CLWWJafESTQ/hqdefault.jpg"", ""standard"": ""https://i.ytimg.com/vi/CLWWJafESTQ/sddefault.jpg"", ""maxres"": ""https://i.ytimg.com/vi/CLWWJafESTQ/maxresdefault.jpg""}",97987.0,98K views,PT11M38S,11:38,0,0.02
2026-02-27,Willie Colon - Idilio (Letra),"🌟 ¡Gracias por ver el video! Espero que te haya gustado.🌟

🔔 No olvides activar las notificaciones para estar al tanto de futuros vídeos.

➡️ Recuerda ver el vídeo oficial por aquí:

https://youtu.be/CIcDWHxR-ao?si=ULJweWCpOhmnGbsC
📝 Aquí te dejo la letra/lyrics:🗒


(Letra):
[Verso 1]
Solo me alienta el deseo divino de hacerte mía
Más me destruye la incertidumbre que estoy pasando
Es que la nieve cruel de los años mi cuerpo enfría
Y se me agota ya la paciencia por ti esperando
Y se me agota ya la paciencia por ti esperando
Que a besos yo te levante al rayar el día
Y que el idilio perdure siempre al llegar la noche
Y cuando venga la aurora llena de goce
Se fundan en una sola tu alma y la mía

[Coro]
Que a besos yo te levante al rayar el día
(A besos el día nos sorprenda, corazón)
Y que el idilio perdure siempre al llegar la noche
(La noche sea tan solo de los dos)
Y cuando venga la aurora llena de goce
(Juntos solos tú y yo)
Se fundan en una sola tu alma y la mía

[Coro]
Que a besos yo te levante al rayar el día
Y que el idilio perdure siempre al llegar la noche
Y cuando venga la aurora llena de goce
Se fundan en una sola tu alma y la mía

[Coro]
Que a besos yo te levante al rayar el día
(A besos el día nos sorprenda, corazón)
Y que el idilio perdure siempre al llegar la noche
(La noche sea tan solo de los dos)
Y cuando venga la aurora llena de goce
(Juntos solos tú y yo)
Se fundan en una sola tu alma y la mía
Se fundan en una sola tu alma y la mía

[Verso 2]
Soñando contigo, queriendo que se cumpla nuestro idilio
A veces me voy a un rincón y me quedo en el vacío
Sufriendo por ti, amor mío, te llama mi corazón
Soñando contigo, queriendo que se cumpla nuestro idilio
Y verás lo lindo que es el amor cuando se quiere de verdad
No existe duda, no existe rencor
Solo un corazón que es para los dos

[Interludio]
¡Guapea Willie Colón!

[Outro]
Soñando contigo, queriendo que se cumpla nuestro idilio
Eh, yo esperaría mil años si fuera tu condición
Pero el tiempo va volando, ven y calma mi pasión
Soñando contigo, queriendo que se cumpla nuestro idilio
Y así, muy juntos, volver a sentir que se funden tu alma y la mía
En un abrazo, un idilio de amor

Tags:
Idilio Letra
Willie Colon Idilio
Idilio Willie Colon
Que a besos yo te levante al rayar el día
Y que el idilio perdure siempre al llegar la noche
Y cuando venga la aurora llena de goce
Se fundan en una sola tu alma y la mía
Idilio

#williecolón #idilio  #letra #RitmoFest #viralvideos #musicaentendencia #cancionesvirales",2026-02-22T21:29:23Z,2026-02-22 21:29 UTC,beildSndqqI,https://www.youtube.com/watch?v=beildSndqqI,Ritmo Fest,UC13_NvR3UwvMCxB_A2pdHmw,https://www.youtube.com/channel/UC13_NvR3UwvMCxB_A2pdHmw,"{""default"": ""https://i.ytimg.com/vi/beildSndqqI/default.jpg"", ""medium"": ""https://i.ytimg.com/vi/beildSndqqI/mqdefault.jpg"", ""high"": ""https://i.ytimg.com/vi/beildSndqqI/hqdefault.jpg"", ""standard"": ""https://i.ytimg.com/vi/beildSndqqI/sddefault.jpg"", ""maxres"": ""https://i.ytimg.com/vi/beildSndqqI/maxresdefault.jpg""}",608858.0,609K views,PT5M12S,5:12,0,0.02
2026-02-27,Selling Dr*gs In GTA 5 RP,"Today I'm making money by selling every kind of dr*g in gta 5 roleplay. There are tons of funny moments in this GTA RP episode, enjoy!",2026-02-26T19:45:01Z,2026-02-26 19:45 UTC,ILSrBMFdX8c,https://www.youtube.com/watch?v=ILSrBMFdX8c,Treyten Extra,UCa1R0o4KutQTmi6ObmngGRQ,https://www.youtube.com/channel/UCa1R0o4KutQTmi6ObmngGRQ,"{""default"": ""https://i.ytimg.com/vi/ILSrBMFdX8c/default.jpg"", ""medium"": ""https://i.ytimg.com/vi/ILSrBMFdX8c/mqdefault.jpg"", ""high"": ""https://i.ytimg.com/vi/ILSrBMFdX8c/hqdefault.jpg"", ""standard"": ""https://i.ytimg.com/vi/ILSrBMFdX8c/sddefault.jpg"", ""maxres"": ""https://i.ytimg.com/vi/ILSrBMFdX8c/maxresdefault.jpg""}",135081.0,135K views,PT45M59S,45:59,0,0.02
2026-02-27,Pressure9x19-LUZBEL(OFICIAL),"Pressure9x19-luzbel(oficial)
📽 SHOT AND EDIT BY : FAJARDO
🎛️PROD BY: PRESSURE9X19/JAYMUSIC 
👹LOS DIABLOC4 LLC4
RIPPANZA
FREECHEF
FREELOSDIABLOS
FUCK BEBE LECHEEEEEEEE
#RipLaja#viral#puertorico",2026-02-26T22:00:06Z,2026-02-26 22:00 UTC,GG2bEsljMAk,https://www.youtube.com/watch?v=GG2bEsljMAk,PRESSURE 9X19,UCZr_8o8G7MTQxbF4RbAYb3g,https://www.youtube.com/channel/UCZr_8o8G7MTQxbF4RbAYb3g,"{""default"": ""https://i.ytimg.com/vi/GG2bEsljMAk/default.jpg"", ""medium"": ""https://i.ytimg.com/vi/GG2bEsljMAk/mqdefault.jpg"", ""high"": ""https://i.ytimg.com/vi/GG2bEsljMAk/hqdefault.jpg"", ""standard"": ""https://i.ytimg.com/vi/GG2bEsljMAk/sddefault.jpg"", ""maxres"": ""https://i.ytimg.com/vi/GG2bEsljMAk/maxresdefault.jpg""}",40729.0,41K views,PT4M34S,4:34,0,0.02
2026-02-27,I Forced 300 Minecraft Players to Dig A Massive Hole,"We dug a hole in Minecraft. This is the most ambitious video of my career. Like and subscribe for more hole

Watch more Minecraft: https://www.youtube.com/watch?v=SQweAdDjLuw

- This video was recorded live on my Twitch Channel: http://www.twitch.tv/rtgame
- Subscribe if you'd like to see more! https://www.youtube.com/@RTGame?sub_confirmation=1
- Become a Youtube Member to support me: https://www.youtube.com/channel/UCRC6cNamj9tYAO6h_RXd5xA/join

- Follow me on Bluesky: https://bsky.app/profile/rtgame.bsky.social
- Follow me on Instagram: https://www.instagram.com/rtgamecrowd
- Join the RTGame Discord Server: https://discord.gg/rtgame
- Watch my full streams on my Archive Channel: https://www.youtube.com/rtgamestreamarchive
- RTGame Clip Channel: https://www.youtube.com/@RTGameClips

Everything in this video was recorded live on my Twitch Channel. My schedule is Tuesday & Thursday @ 7pm, Saturday & Sunday @ 3pm - all times based in Ireland. 

Edited by Ashtaric (Cloé), you can find her here: https://bsky.app/profile/ashtaric.bsky.social And here: https://www.twitch.tv/ashtaric

My Minecraft Server is available for Twitch Subscribers or Youtube Members. For the login information, head to my Twitch channel and type !server in my chat. You also need a Discord account to join. This is so we can moderate and manage the server due to demand. The server is open 24/7 and has a survival world, as well as a museum of every past build we've done on the channel.

Music is Super Mario Odyssey – Steam Gardens, Yoshi’s Epic Yarn – Clawdaddy Beach, Pokemon Sun and Moon – Hau’oli City, Pokemon XY – Coiffure Clips, Dark Souls 3 – Soul of Cinder, Hello My Holiday - Go Vacation, Summer Sands and Cool Waves (Reef Area) - Kirby‘s Return to Dream Land, Wii Sports Resort Theme, Mario Kart – Peach Beach, Starshine Beach Galaxy - Super Mario Galaxy 2, Blooper Beach - Mario Party 9, N64 Koopa Troopa Beach - Mario Kart 7, Bloodborne - Celric Beast, Bubblaine - Super Mario Odyssey, Hau’oli City [Night] - Pokemon Sun/Moon, Tomodachi Life - News, Dolphin Shoals - Mario Kart 8, Mario Kart Wii - Rainbow Road, Mario Kart 8 Deluxe - N64 Rainbow Road.",2026-02-25T18:01:10Z,2026-02-25 18:01 UTC,v_IkDW_SbCc,https://www.youtube.com/watch?v=v_IkDW_SbCc,RTGame,UCRC6cNamj9tYAO6h_RXd5xA,https://www.youtube.com/channel/UCRC6cNamj9tYAO6h_RXd5xA,"{""default"": ""https://i.ytimg.com/vi/v_IkDW_SbCc/default.jpg"", ""medium"": ""https://i.ytimg.com/vi/v_IkDW_SbCc/mqdefault.jpg"", ""high"": ""https://i.ytimg.com/vi/v_IkDW_SbCc/hqdefault.jpg"", ""standard"": ""https://i.ytimg.com/vi/v_IkDW_SbCc/sddefault.jpg"", ""maxres"": ""https://i.ytimg.com/vi/v_IkDW_SbCc/maxresdefault.jpg""}",792441.0,792K views,PT36M40S,36:40,0,0.02
2026-02-27,GIVĒON - Like I Want You (Lyrics),"GIVĒON - Like I Want You
🎧 Listen/Download: https://open.spotify.com/track/6qBFSepqLCuh5tehehc1bd
🔔 Subscribe to get updates on new uploads!

➡️ GIVĒON
https://open.spotify.com/artist/4fxd5Ee7UefO4CUXgwJ7IP
https://www.instagram.com/Giveon

📲 Connect with SoundKream: 
http://soundkream.io

Follow us on Spotify: 
http://spotify.soundkream.io

🎤 Lyrics:

Sometimes I wish you knew
But I disguise the truth
I say I'm happy but I'm still stuck on us, mmm, mmm, mmm
Does your mind play this game too?
Think 'bout me and you
I guess I'll just pretend
Until it all makes sense, hmm, hmm, hmm, hmm
See you face to face, I'm thinking 'bout the days we used to be
But I can't make a scene, but I can't make a scene
See you face to face, I'm thinking 'bout the days we used to be
But I can't make a scene, but I can't make it seem
Like I want you
You
Even if it's true
Even if it's true
I guess it's overdue
Tell me your point of view
Tell me, am I to blame?
You're so good with change, hmm, mmm, mmm
A table set for two
You got me waitin' but you ain't comin' through
Try to stay patient but gotta face the truth, mmm, mmm, mmm
Whoa, whoa
See you face to face (see you face to face)
I'm thinkin' 'bout the days we used to be (thinkin' 'bout the days)
But I can't make a scene (no, I can't make a scene)
But I can't make a scene (no, no, no, no)
See you face to face (see you face)
I'm thinking 'bout the days we used to be (oh, oh)
But I can't make a scene (no, no, no, no, no, no)
But I can't make it seem
Like I want you
You
Even if it's true (even if it's true)
(You, babe)
Even if it's true
There's no reason to believe I'll save us now
But if you really love me, say it now
Why is it so hard to figure out?
I need you every day, believe me when I say it
Like I want you
You
Even if it's true
Even if it's true

🏷 Tags:
#giveon #likeiwantyou #lyrics",2026-02-20T01:00:00Z,2026-02-20 01:00 UTC,1hQFFgIb-Tc,https://www.youtube.com/watch?v=1hQFFgIb-Tc,SoundKream,UCvWhPqiJBsdsZmM9cEzQorg,https://www.youtube.com/channel/UCvWhPqiJBsdsZmM9cEzQorg,"{""default"": ""https://i.ytimg.com/vi/1hQFFgIb-Tc/default.jpg"", ""medium"": ""https://i.ytimg.com/vi/1hQFFgIb-Tc/mqdefault.jpg"", ""high"": ""https://i.ytimg.com/vi/1hQFFgIb-Tc/hqdefault.jpg"", ""standard"": ""https://i.ytimg.com/vi/1hQFFgIb-Tc/sddefault.jpg"", ""maxres"": ""https://i.ytimg.com/vi/1hQFFgIb-Tc/maxresdefault.jpg""}",97304.0,97K views,PT4M21S,4:21,0,0.02
2026-02-27,WELCOME BACK TO THE NIGHTMARE. | Resident Evil 9 (PART 1),"Welcome to part 1 of Resident Evil Requiem aka RE9. I am beyond excited to begin this series. Expect a new episode almost EVERY DAY intil we beat it. LET'S GO BACK INTO THE NIGHTMARE.

2nd Channel: https://www.youtube.com/channel/UC6LSW-L7wOFb7i562dOElBA
Twitch: https://www.twitch.tv/iam8bitryan
Check out my Instagram - https://www.instagram.com/8bitryan/?hl=en
Follow me on Twitter - https://twitter.com/IAm8BitRyan

Game: https://store.steampowered.com/app/3764200/Resident_Evil_Requiem/

Music:
Myuu: http://youtube.com/myuuji
Kevin Macleod: http://incompetech.com/wordpress/",2026-02-26T14:00:00Z,2026-02-26 14:00 UTC,-DkRus89dM4,https://www.youtube.com/watch?v=-DkRus89dM4,8-BitRyan,UCx8vbgWs666cAS7wsKos5sA,https://www.youtube.com/channel/UCx8vbgWs666cAS7wsKos5sA,"{""default"": ""https://i.ytimg.com/vi/-DkRus89dM4/default.jpg"", ""medium"": ""https://i.ytimg.com/vi/-DkRus89dM4/mqdefault.jpg"", ""high"": ""https://i.ytimg.com/vi/-DkRus89dM4/hqdefault.jpg"", ""standard"": ""https://i.ytimg.com/vi/-DkRus89dM4/sddefault.jpg"", ""maxres"": ""https://i.ytimg.com/vi/-DkRus89dM4/maxresdefault.jpg""}",147937.0,148K views,PT1H44M32S,1:44:32,0,0.02
2026-02-27,How Now,"Provided to YouTube by ACTS Music Group

How Now · Jarahn · Tarvin Toune · ODIELOW · Brenz

How Now

℗ 2026 ACTS Music Publishing

Released on: 2026-02-13

Main Artist: Jarahn
Featured Artist: Tarvin Toune
Featured Artist: ODIELOW
Featured Artist: Brenz
Producer: Jarahn
Composer: Jacob Hines Raphael
Lyricist: Jacob Hines Raphael
Composer Lyricist: Jacob Hines Raphael

Auto-generated by YouTube.",2026-02-12T10:01:51Z,2026-02-12 10:01 UTC,uHXFmtSf_pI,https://www.youtube.com/watch?v=uHXFmtSf_pI,Jarahn - Topic,UC86uniVTtNrA3i6cRKFYXdw,https://www.youtube.com/channel/UC86uniVTtNrA3i6cRKFYXdw,"{""default"": ""https://i.ytimg.com/vi/uHXFmtSf_pI/default.jpg"", ""medium"": ""https://i.ytimg.com/vi/uHXFmtSf_pI/mqdefault.jpg"", ""high"": ""https://i.ytimg.com/vi/uHXFmtSf_pI/hqdefault.jpg"", ""standard"": ""https://i.ytimg.com/vi/uHXFmtSf_pI/sddefault.jpg"", ""maxres"": ""https://i.ytimg.com/vi/uHXFmtSf_pI/maxresdefault.jpg""}",48154.0,48K views,PT4M46S,4:46,0,0.02
2026-02-27,CaseOh Rages While Playing Fall Guys,"GamerSupps -10% off Code CaseOh -  https://gamersupps.gg/
CaseOh X Starforge  https://starforgepc.com/CaseOh 
Merch - https://caseohgames.com/
________________________________________________________________

00:00 - 24:39 : Yap Session
24:39 - 02:35:33 : Fall Guys

🔗 LINKS 👇
Youtube |  https://www.youtube.com/@caseoh_
Twitch  |  https://www.twitch.tv/caseoh_
TikTok  |   https://www.tiktok.com/@caseohgames 
X  |  https://x.com/CaseOh__
Instagram | https://www.instagram.com/caseoh_games

🟨Join Discord |  https://discord.gg/caseoh",2026-02-26T21:00:18Z,2026-02-26 21:00 UTC,91q48EKnTb4,https://www.youtube.com/watch?v=91q48EKnTb4,MoreCaseOh,UCr1kbyiJzl-x5YYDxhYJuPw,https://www.youtube.com/channel/UCr1kbyiJzl-x5YYDxhYJuPw,"{""default"": ""https://i.ytimg.com/vi/91q48EKnTb4/default.jpg"", ""medium"": ""https://i.ytimg.com/vi/91q48EKnTb4/mqdefault.jpg"", ""high"": ""https://i.ytimg.com/vi/91q48EKnTb4/hqdefault.jpg"", ""standard"": ""https://i.ytimg.com/vi/91q48EKnTb4/sddefault.jpg"", ""maxres"": ""https://i.ytimg.com/vi/91q48EKnTb4/maxresdefault.jpg""}",61899.0,62K views,PT2H35M34S,2:35:34,0,0.02
2026-02-27,"Sean Rii, Sharzkii - Forever","Forever performed by Sean Rii & Sharzkii

🎵 Download or stream Forever 🔽
https://acts.lnk.to/Forever

🔔 Subscribe for latest https://www.youtube.com/@SeanRii
Check out the lyric video https://youtu.be/1u-6OEpp_Ek

📲 Connect and follow Sean Rii ⬇️
https://www.facebook.com/seanriimusic
https://www.instagram.com/seanriiofficial/
https://soundcloud.com/seanriiofficial
https://www.tiktok.com/@r11sean

Check out more from Sean Rii
https://youtu.be/z3VMzw_qOeM?si=jGCLhLZArsY54kGG
https://youtu.be/SZAuKHtNF-M?si=_j2aaUTTd6kuxa-o
https://youtu.be/VUCOBpPf9d0?si=etkjun3Dtuevvoaw
https://youtu.be/xYRR7S7smWY?si=LVxYNmU9k1e6C_jg

Distributed by ACTS Music Group
https://actsdistro.com
https://www.youtube.com/@actsmusicgroup

#seanrii #lovesong #forever",2026-02-20T04:50:11Z,2026-02-20 04:50 UTC,pT04rzVtoJ4,https://www.youtube.com/watch?v=pT04rzVtoJ4,SeanRiiVEVO,UCl2L_-850syeto2fO8fQkzA,https://www.youtube.com/channel/UCl2L_-850syeto2fO8fQkzA,"{""default"": ""https://i.ytimg.com/vi/pT04rzVtoJ4/default.jpg"", ""medium"": ""https://i.ytimg.com/vi/pT04rzVtoJ4/mqdefault.jpg"", ""high"": ""https://i.ytimg.com/vi/pT04rzVtoJ4/hqdefault.jpg"", ""standard"": ""https://i.ytimg.com/vi/pT04rzVtoJ4/sddefault.jpg"", ""maxres"": ""https://i.ytimg.com/vi/pT04rzVtoJ4/maxresdefault.jpg""}",58347.0,58K views,PT4M2S,4:02,0,0.02
2026-02-27,"IT'S ALL... OVER? | No, I Am Not Human - Part 3","Iron Lung merch Now Available ►► https://ironlung.com
Is there any hope left in No, I'm Not a Human? Well certainly not for me!
LISTEN TO DISTRACTIBLE ►► https://open.spotify.com/show/2X40qLyoj1wQ2qE5FVpA7x
MY COMFY CLOTHES ► https://cloakbrand.com/

Edited By ►  @Diceroll 
Edited By ►  @LixianTV 

Play The Game ► https://store.steampowered.com/app/3180070/No_Im_not_a_Human/

Scary Games Playlist ► https://www.youtube.com/playlist?list=PL3tRBEVW0hiBSFOFhTC5wt75P2BES0rAo

Follow my Instagram ► http://instagram.com/markiplier
Join us on Reddit! ► https://www.reddit.com/r/Markiplier/

Horror Outro ► https://soundcloud.com/shurkofficial/haunted
Happy Outro ► https://soundcloud.com/hielia/minimusicman-crazy-la-paint",2026-02-25T17:32:35Z,2026-02-25 17:32 UTC,lkml9AMVnXs,https://www.youtube.com/watch?v=lkml9AMVnXs,Markiplier,UC7_YxT-KID8kRbqZo7MyscQ,https://www.youtube.com/channel/UC7_YxT-KID8kRbqZo7MyscQ,"{""default"": ""https://i.ytimg.com/vi/lkml9AMVnXs/default.jpg"", ""medium"": ""https://i.ytimg.com/vi/lkml9AMVnXs/mqdefault.jpg"", ""high"": ""https://i.ytimg.com/vi/lkml9AMVnXs/hqdefault.jpg"", ""standard"": ""https://i.ytimg.com/vi/lkml9AMVnXs/sddefault.jpg"", ""maxres"": ""https://i.ytimg.com/vi/lkml9AMVnXs/maxresdefault.jpg""}",610032.0,610K views,PT49M24S,49:24,0,0.02
2026-02-27,This Could be a CRAZY Playoff Run! Wheel of MUT! Ep. #45,"With the divisional here, we advance to the NFC Championship. Can MMG take down his adversaries? Can your mom stop calling MMG's phone? PROBABLY NOT TRUEEEEEUEUEUEUE

wow, you stud - thanks for clicking this video. quite simply, i cant help but notice how handsome you look right now - great job sport. keep up the nice work!

#mmg",2026-02-25T23:00:00Z,2026-02-25 23:00 UTC,tsJ9pk5DyF8,https://www.youtube.com/watch?v=tsJ9pk5DyF8,MMG,UCaYxyR9mzVlTrOOyZD0XAmA,https://www.youtube.com/channel/UCaYxyR9mzVlTrOOyZD0XAmA,"{""default"": ""https://i.ytimg.com/vi/tsJ9pk5DyF8/default.jpg"", ""medium"": ""https://i.ytimg.com/vi/tsJ9pk5DyF8/mqdefault.jpg"", ""high"": ""https://i.ytimg.com/vi/tsJ9pk5DyF8/hqdefault.jpg"", ""standard"": ""https://i.ytimg.com/vi/tsJ9pk5DyF8/sddefault.jpg"", ""maxres"": ""https://i.ytimg.com/vi/tsJ9pk5DyF8/maxresdefault.jpg""}",314512.0,315K views,PT26M25S,26:25,0,0.02
